level,energy,u_min,u_max,n_feasible
4,-1.0,0.2,0.325,6
4,-0.975,0.2,0.35000000000000003,7
4,-0.95,0.2,0.35000000000000003,7
4,-0.925,0.2,0.35000000000000003,7
4,-0.9,0.2,0.375,8
4,-0.875,0.225,0.375,7
4,-0.85,0.225,0.4,8
4,-0.825,0.225,0.4,8
4,-0.8,0.225,0.42500000000000004,9
4,-0.775,0.225,0.42500000000000004,9
4,-0.75,0.225,0.45,10
4,-0.725,0.225,0.45,10
4,-0.7,0.225,0.47500000000000003,11
4,-0.675,0.225,0.47500000000000003,11
4,-0.6499999999999999,0.225,0.5,12
4,-0.625,0.225,0.525,13
4,-0.6,0.25,0.525,12
4,-0.575,0.25,0.55,13
4,-0.55,0.25,0.5750000000000001,14
4,-0.5249999999999999,0.25,0.5750000000000001,14
4,-0.5,0.25,0.6000000000000001,15
4,-0.475,0.25,0.625,16
4,-0.44999999999999996,0.25,0.65,17
4,-0.42499999999999993,0.25,0.65,17
4,-0.3999999999999999,0.25,0.675,18
4,-0.375,0.25,0.7000000000000001,19
4,-0.35,0.275,0.7250000000000001,19
4,-0.32499999999999996,0.275,0.75,20
4,-0.29999999999999993,0.275,0.775,21
4,-0.2749999999999999,0.275,0.8,22
4,-0.25,0.275,0.8250000000000001,23
4,-0.22499999999999998,0.275,0.8500000000000001,24
4,-0.19999999999999996,0.275,0.875,25
4,-0.17499999999999993,0.275,0.9,26
4,-0.1499999999999999,0.275,0.925,27
4,-0.125,0.30000000000000004,0.9500000000000001,27
4,-0.09999999999999998,0.30000000000000004,0.9750000000000001,28
4,-0.07499999999999996,0.30000000000000004,1.0,29
4,-0.04999999999999993,0.30000000000000004,1.0250000000000001,30
4,-0.02499999999999991,0.30000000000000004,1.05,31
4,0.0,0.30000000000000004,1.075,32
4,0.025000000000000133,0.30000000000000004,1.1,33
4,0.050000000000000044,0.30000000000000004,1.1500000000000001,35
4,0.07499999999999996,0.30000000000000004,1.175,36
4,0.10000000000000009,0.30000000000000004,1.2000000000000002,37
4,0.125,0.325,1.225,37
4,0.15000000000000013,0.325,1.25,38
4,0.17500000000000004,0.325,1.3,40
4,0.20000000000000018,0.325,1.3250000000000002,41
4,0.2250000000000001,0.325,1.35,42
4,0.25,0.325,1.375,43
4,0.27500000000000013,0.325,1.425,45
4,0.30000000000000004,0.325,1.4500000000000002,46
4,0.3250000000000002,0.325,1.475,47
4,0.3500000000000001,0.325,1.5,48
4,0.375,0.325,1.55,50
4,0.40000000000000013,0.35000000000000003,1.5750000000000002,50
4,0.42500000000000004,0.35000000000000003,1.6,51
4,0.4500000000000002,0.35000000000000003,1.6500000000000001,53
4,0.4750000000000001,0.35000000000000003,1.675,54
4,0.5,0.35000000000000003,1.7000000000000002,55
4,0.5250000000000001,0.35000000000000003,1.75,57
4,0.55,0.35000000000000003,1.7750000000000001,58
4,0.5750000000000002,0.35000000000000003,1.8,59
4,0.6000000000000001,0.35000000000000003,1.85,61
4,0.625,0.35000000000000003,1.875,62
4,0.6500000000000001,0.35000000000000003,1.9000000000000001,63
4,0.675,0.35000000000000003,1.9500000000000002,65
4,0.7000000000000002,0.375,1.975,65
4,0.7250000000000001,0.375,2.0,66
4,0.75,0.375,2.0500000000000003,68
4,0.7750000000000001,0.375,2.075,69
4,0.8,0.375,2.125,71
4,0.8250000000000002,0.375,2.15,72
4,0.8500000000000001,0.375,2.1750000000000003,73
4,0.875,0.375,2.225,75
4,0.9000000000000001,0.375,2.25,76
4,0.925,0.375,2.3000000000000003,78
4,0.9500000000000002,0.375,2.325,79
4,0.9750000000000001,0.375,2.35,80
4,1.0,0.375,2.4000000000000004,82
4,1.025,0.375,2.4250000000000003,83
4,1.0500000000000003,0.375,2.475,85
4,1.0750000000000002,0.375,2.5,86
4,1.1,0.375,2.5250000000000004,87
4,1.125,0.4,2.575,88
4,1.15,0.4,2.6,89
4,1.1750000000000003,0.4,2.6500000000000004,91
4,1.2000000000000002,0.4,2.6750000000000003,92
4,1.225,0.4,2.725,94
4,1.25,0.4,2.75,95
4,1.275,0.4,2.7750000000000004,96
4,1.3000000000000003,0.4,2.825,98
4,1.3250000000000002,0.4,2.85,99
4,1.35,0.4,2.9000000000000004,101
4,1.375,0.4,2.9250000000000003,102
4,1.4000000000000004,0.4,2.975,104
4,1.4250000000000003,0.4,3.0,105
4,1.4500000000000002,0.4,3.0250000000000004,106
4,1.475,0.4,3.075,108
4,1.5,0.4,3.1,109
4,1.5250000000000004,0.4,3.1500000000000004,111
4,1.5500000000000003,0.4,3.1750000000000003,112
4,1.5750000000000002,0.4,3.225,114
4,1.6,0.4,3.25,115
4,1.625,0.4,3.3000000000000003,117
4,1.6500000000000004,0.4,3.325,118
4,1.6750000000000003,0.4,3.35,119
4,1.7000000000000002,0.4,3.4000000000000004,121
4,1.725,0.4,3.4250000000000003,122
4,1.75,0.4,3.475,124
4,1.7750000000000004,0.4,3.5,125
4,1.8000000000000003,0.4,3.5500000000000003,127
4,1.8250000000000002,0.4,3.575,128
4,1.85,0.4,3.625,130
4,1.875,0.4,3.6500000000000004,131
4,1.9000000000000004,0.4,3.7,133
4,1.9250000000000003,0.4,3.725,134
4,1.9500000000000002,0.4,3.75,135
4,1.975,0.4,3.8000000000000003,137
4,2.0,0.4,3.825,138
4,2.0250000000000004,0.4,3.875,140
4,2.0500000000000003,0.4,3.9000000000000004,141
4,2.075,0.4,3.95,143
4,2.1,0.4,3.975,144
4,2.125,0.4,4.025,146
4,2.1500000000000004,0.4,4.05,147
4,2.1750000000000003,0.4,4.1000000000000005,149
4,2.2,0.4,4.125,150
4,2.225,0.4,4.175,152
4,2.25,0.4,4.2,153
4,2.2750000000000004,0.4,4.25,155
4,2.3000000000000003,0.4,4.275,156
4,2.325,0.4,4.3,157
4,2.35,0.4,4.3500000000000005,159
4,2.375,0.4,4.375,160
4,2.4000000000000004,0.4,4.425,162
4,2.4250000000000003,0.4,4.45,163
4,2.45,0.4,4.5,165
4,2.475,0.4,4.525,166
4,2.5,0.4,4.575,168
4,2.5250000000000004,0.4,4.6000000000000005,169
4,2.5500000000000003,0.4,4.65,171
4,2.575,0.4,4.675,172
4,2.6,0.4,4.7250000000000005,174
4,2.625,0.4,4.75,175
4,2.6500000000000004,0.4,4.800000000000001,177
4,2.6750000000000003,0.4,4.825,178
4,2.7,0.4,4.875,180
4,2.725,0.4,4.9,181
4,2.75,0.4,4.95,183
4,2.7750000000000004,0.4,4.9750000000000005,184
4,2.8000000000000003,0.4,5.0,185
4,2.825,0.4,5.050000000000001,187
4,2.85,0.4,5.075,188
4,2.875,0.4,5.125,190
4,2.9000000000000004,0.4,5.15,191
4,2.9250000000000003,0.4,5.2,193
4,2.95,0.4,5.2250000000000005,194
4,2.975,0.4,5.275,196
4,3.0,0.4,5.300000000000001,197
4,3.0250000000000004,0.4,5.3500000000000005,199
4,3.05,0.4,5.375,200
4,3.075,0.4,5.425000000000001,202
4,3.1000000000000005,0.4,5.45,203
4,3.125,0.4,5.5,205
4,3.1500000000000004,0.4,5.525,206
4,3.175,0.4,5.575,208
4,3.2,0.4,5.6000000000000005,209
4,3.2250000000000005,0.375,5.65,212
4,3.25,0.375,5.675000000000001,213
4,3.2750000000000004,0.375,5.7250000000000005,215
4,3.3,0.375,5.75,216
4,3.325,0.375,5.800000000000001,218
4,3.3500000000000005,0.375,5.825,219
4,3.375,0.375,5.875,221
4,3.4000000000000004,0.375,5.9,222
4,3.425,0.375,5.95,224
4,3.45,0.375,5.9750000000000005,225
4,3.4750000000000005,0.375,6.0,226
4,3.5,0.375,6.050000000000001,228
4,3.5250000000000004,0.375,6.075,229
4,3.55,0.375,6.125,231
4,3.575,0.375,6.15,232
4,3.6000000000000005,0.375,6.2,234
4,3.625,0.375,6.2250000000000005,235
4,3.6500000000000004,0.375,6.275,237
4,3.675,0.375,6.300000000000001,238
4,3.7,0.375,6.3500000000000005,240
4,3.7250000000000005,0.375,6.375,241
4,3.75,0.375,6.425000000000001,243
4,3.7750000000000004,0.375,6.45,244
4,3.8000000000000007,0.375,6.5,246
4,3.825,0.375,6.525,247
4,3.8500000000000005,0.375,6.575,249
4,3.875,0.375,6.6000000000000005,250
4,3.9000000000000004,0.375,6.65,252
4,3.9250000000000007,0.375,6.675000000000001,253
4,3.95,0.375,6.7250000000000005,255
4,3.9750000000000005,0.375,6.75,256
4,4.0,0.375,6.800000000000001,258
4,4.025,0.35000000000000003,6.825,260
4,4.050000000000001,0.35000000000000003,6.875,262
4,4.075,0.35000000000000003,6.9,263
4,4.1000000000000005,0.35000000000000003,6.95,265
4,4.125,0.35000000000000003,6.9750000000000005,266
4,4.15,0.35000000000000003,7.025,268
4,4.175000000000001,0.35000000000000003,7.050000000000001,269
4,4.2,0.35000000000000003,7.1000000000000005,271
4,4.2250000000000005,0.35000000000000003,7.125,272
4,4.25,0.35000000000000003,7.175000000000001,274
4,4.275,0.35000000000000003,7.2,275
4,4.300000000000001,0.35000000000000003,7.25,277
4,4.325,0.35000000000000003,7.275,278
4,4.3500000000000005,0.35000000000000003,7.325,280
4,4.375,0.35000000000000003,7.3500000000000005,281
4,4.4,0.35000000000000003,7.4,283
4,4.425000000000001,0.35000000000000003,7.425000000000001,284
4,4.45,0.35000000000000003,7.4750000000000005,286
4,4.4750000000000005,0.35000000000000003,7.5,287
4,4.5,0.35000000000000003,7.525,288
4,4.525,0.35000000000000003,7.575,290
4,4.550000000000001,0.35000000000000003,7.6000000000000005,291
4,4.575,0.35000000000000003,7.65,293
4,4.6000000000000005,0.35000000000000003,7.675000000000001,294
4,4.625,0.35000000000000003,7.7250000000000005,296
4,4.65,0.35000000000000003,7.75,297
4,4.675000000000001,0.35000000000000003,7.800000000000001,299
4,4.7,0.35000000000000003,7.825,300
4,4.7250000000000005,0.35000000000000003,7.875,302
4,4.75,0.35000000000000003,7.9,303
4,4.775,0.325,7.95,306
4,4.800000000000001,0.325,7.9750000000000005,307
4,4.825,0.325,8.025,309
4,4.8500000000000005,0.325,8.05,310
4,4.875,0.325,8.1,312
4,4.9,0.325,8.125,313
4,4.925000000000001,0.325,8.175,315
4,4.95,0.325,8.200000000000001,316
4,4.9750000000000005,0.325,8.25,318
4,5.0,0.325,8.275,319
4,5.025,0.325,8.325000000000001,321
4,5.050000000000001,0.325,8.35,322
4,5.075,0.325,8.4,324
4,5.1000000000000005,0.325,8.425,325
4,5.125,0.325,8.475,327
4,5.15,0.325,8.5,328
4,5.175000000000001,0.325,8.55,330
4,5.2,0.325,8.575000000000001,331
4,5.2250000000000005,0.325,8.625,333
4,5.25,0.325,8.65,334
4,5.275,0.325,8.700000000000001,336
4,5.300000000000001,0.325,8.725,337
4,5.325,0.325,8.775,339
4,5.3500000000000005,0.325,8.8,340
4,5.375,0.325,8.85,342
4,5.4,0.325,8.875,343
4,5.425000000000001,0.325,8.925,345
4,5.45,0.325,8.950000000000001,346
4,5.4750000000000005,0.325,9.0,348
4,5.5,0.325,9.025,349
4,5.525,0.325,9.075000000000001,351
4,5.550000000000001,0.30000000000000004,9.1,353
4,5.575,0.30000000000000004,9.15,355
4,5.6000000000000005,0.30000000000000004,9.175,356
4,5.625,0.30000000000000004,9.225,358
4,5.65,0.30000000000000004,9.25,359
4,5.675000000000001,0.30000000000000004,9.3,361
4,5.7,0.30000000000000004,9.325000000000001,362
4,5.7250000000000005,0.30000000000000004,9.375,364
4,5.75,0.30000000000000004,9.4,365
4,5.775,0.30000000000000004,9.450000000000001,367
4,5.800000000000001,0.30000000000000004,9.475,368
4,5.825,0.30000000000000004,9.525,370
4,5.8500000000000005,0.30000000000000004,9.55,371
4,5.875,0.30000000000000004,9.600000000000001,373
4,5.9,0.30000000000000004,9.625,374
4,5.925000000000001,0.30000000000000004,9.675,376
4,5.95,0.30000000000000004,9.700000000000001,377
4,5.9750000000000005,0.30000000000000004,9.75,379
4,6.0,0.30000000000000004,9.775,380
4,6.025,0.30000000000000004,9.825000000000001,382
4,6.050000000000001,0.30000000000000004,9.850000000000001,383
4,6.075,0.30000000000000004,9.9,385
4,6.1000000000000005,0.30000000000000004,9.925,386
4,6.125,0.30000000000000004,9.975000000000001,388
4,6.15,0.30000000000000004,10.0,389
4,6.175000000000001,0.30000000000000004,10.0,389
4,6.2,0.30000000000000004,10.0,389
4,6.2250000000000005,0.30000000000000004,10.0,389
4,6.25,0.30000000000000004,10.0,389
4,6.275,0.30000000000000004,10.0,389
4,6.300000000000001,0.30000000000000004,10.0,389
4,6.325,0.30000000000000004,10.0,389
4,6.3500000000000005,0.30000000000000004,10.0,389
4,6.375,0.30000000000000004,10.0,389
4,6.4,0.30000000000000004,10.0,389
4,6.425000000000001,0.275,10.0,390
4,6.45,0.275,10.0,390
4,6.4750000000000005,0.275,10.0,390
4,6.5,0.275,10.0,390
4,6.525,0.275,10.0,390
4,6.550000000000001,0.275,10.0,390
4,6.575,0.275,10.0,390
4,6.6000000000000005,0.275,10.0,390
4,6.625,0.275,10.0,390
4,6.65,0.275,10.0,390
4,6.675000000000001,0.275,10.0,390
4,6.7,0.275,10.0,390
4,6.7250000000000005,0.275,10.0,390
4,6.75,0.275,10.0,390
4,6.775,0.275,10.0,390
4,6.800000000000001,0.275,10.0,390
4,6.825,0.275,10.0,390
4,6.8500000000000005,0.275,10.0,390
4,6.875,0.275,10.0,390
4,6.9,0.275,10.0,390
4,6.925000000000001,0.275,10.0,390
4,6.95,0.275,10.0,390
4,6.9750000000000005,0.275,10.0,390
4,7.0,0.275,10.0,390
4,7.025,0.275,10.0,390
4,7.050000000000001,0.275,10.0,390
4,7.075000000000001,0.275,10.0,390
4,7.1,0.275,10.0,390
4,7.125,0.275,10.0,390
4,7.15,0.275,10.0,390
4,7.175000000000001,0.275,10.0,390
4,7.200000000000001,0.275,10.0,390
4,7.225,0.275,10.0,390
4,7.25,0.275,10.0,390
4,7.275,0.275,10.0,390
4,7.300000000000001,0.275,10.0,390
4,7.325000000000001,0.275,10.0,390
4,7.35,0.275,10.0,390
4,7.375,0.25,10.0,391
4,7.4,0.25,10.0,391
4,7.425000000000001,0.25,10.0,391
4,7.450000000000001,0.25,10.0,391
4,7.475,0.25,10.0,391
4,7.5,0.25,10.0,391
4,7.525,0.25,10.0,391
4,7.550000000000001,0.25,10.0,391
4,7.575000000000001,0.25,10.0,391
4,7.6,0.25,10.0,391
4,7.625,0.25,10.0,391
4,7.65,0.25,10.0,391
4,7.675000000000001,0.25,10.0,391
4,7.700000000000001,0.25,10.0,391
4,7.725,0.25,10.0,391
4,7.75,0.25,10.0,391
4,7.775,0.25,10.0,391
4,7.800000000000001,0.25,10.0,391
4,7.825000000000001,0.25,10.0,391
4,7.85,0.25,10.0,391
4,7.875,0.25,10.0,391
4,7.9,0.25,10.0,391
4,7.925000000000001,0.25,10.0,391
4,7.950000000000001,0.25,10.0,391
4,7.975,0.25,10.0,391
4,8.0,0.25,10.0,391
4,8.025,0.25,10.0,391
4,8.05,0.25,10.0,391
4,8.075000000000001,0.25,10.0,391
4,8.1,0.25,10.0,391
4,8.125,0.25,10.0,391
4,8.15,0.25,10.0,391
4,8.175,0.25,10.0,391
4,8.200000000000001,0.25,10.0,391
4,8.225,0.25,10.0,391
4,8.25,0.25,10.0,391
4,8.275,0.25,10.0,391
4,8.3,0.25,10.0,391
4,8.325000000000001,0.25,10.0,391
4,8.35,0.25,10.0,391
4,8.375,0.25,10.0,391
4,8.4,0.25,10.0,391
4,8.425,0.25,10.0,391
4,8.450000000000001,0.25,10.0,391
4,8.475,0.25,10.0,391
4,8.5,0.25,10.0,391
4,8.525,0.225,10.0,392
4,8.55,0.225,10.0,392
4,8.575000000000001,0.225,10.0,392
4,8.600000000000001,0.225,10.0,392
4,8.625,0.225,10.0,392
4,8.65,0.225,10.0,392
4,8.675,0.225,10.0,392
4,8.700000000000001,0.225,10.0,392
4,8.725000000000001,0.225,10.0,392
4,8.75,0.225,10.0,392
4,8.775,0.225,10.0,392
4,8.8,0.225,10.0,392
4,8.825000000000001,0.225,10.0,392
4,8.850000000000001,0.225,10.0,392
4,8.875,0.225,10.0,392
4,8.9,0.225,10.0,392
4,8.925,0.225,10.0,392
4,8.950000000000001,0.225,10.0,392
4,8.975000000000001,0.225,10.0,392
4,9.0,0.225,10.0,392
4,9.025,0.225,10.0,392
4,9.05,0.225,10.0,392
4,9.075000000000001,0.225,10.0,392
4,9.100000000000001,0.225,10.0,392
4,9.125,0.225,10.0,392
4,9.15,0.225,10.0,392
4,9.175,0.225,10.0,392
4,9.200000000000001,0.225,10.0,392
4,9.225000000000001,0.225,10.0,392
4,9.25,0.225,10.0,392
4,9.275,0.225,10.0,392
4,9.3,0.225,10.0,392
4,9.325000000000001,0.225,10.0,392
4,9.350000000000001,0.225,10.0,392
4,9.375,0.225,10.0,392
4,9.4,0.225,10.0,392
4,9.425,0.225,10.0,392
4,9.450000000000001,0.225,10.0,392
4,9.475000000000001,0.225,10.0,392
4,9.5,0.225,10.0,392
4,9.525,0.225,10.0,392
4,9.55,0.225,10.0,392
4,9.575000000000001,0.225,10.0,392
4,9.600000000000001,0.225,10.0,392
4,9.625,0.225,10.0,392
4,9.65,0.225,10.0,392
4,9.675,0.225,10.0,392
4,9.700000000000001,0.225,10.0,392
4,9.725000000000001,0.225,10.0,392
4,9.75,0.225,10.0,392
4,9.775,0.225,10.0,392
4,9.8,0.225,10.0,392
4,9.825000000000001,0.225,10.0,392
4,9.850000000000001,0.225,10.0,392
4,9.875,0.225,10.0,392
4,9.9,0.2,10.0,393
4,9.925,0.2,10.0,393
4,9.950000000000001,0.2,10.0,393
4,9.975000000000001,0.2,10.0,393
4,10.0,0.2,10.0,393
5,-1.0,0.2,0.225,2
5,-0.975,0.2,0.225,2
5,-0.95,0.2,0.225,2
5,-0.925,0.2,0.225,2
5,-0.9,0.2,0.25,3
5,-0.875,0.225,0.25,2
5,-0.85,0.225,0.25,2
5,-0.825,0.225,0.25,2
5,-0.8,0.225,0.25,2
5,-0.775,0.225,0.275,3
5,-0.75,0.225,0.275,3
5,-0.725,0.225,0.275,3
5,-0.7,0.225,0.275,3
5,-0.675,0.225,0.30000000000000004,4
5,-0.6499999999999999,0.225,0.30000000000000004,4
5,-0.625,0.225,0.30000000000000004,4
5,-0.6,0.25,0.30000000000000004,3
5,-0.575,0.25,0.325,4
5,-0.55,0.25,0.325,4
5,-0.5249999999999999,0.25,0.325,4
5,-0.5,0.25,0.35000000000000003,5
5,-0.475,0.25,0.35000000000000003,5
5,-0.44999999999999996,0.25,0.375,6
5,-0.42499999999999993,0.25,0.375,6
5,-0.3999999999999999,0.25,0.375,6
5,-0.375,0.25,0.4,7
5,-0.35,0.275,0.4,6
5,-0.32499999999999996,0.275,0.42500000000000004,7
5,-0.29999999999999993,0.275,0.42500000000000004,7
5,-0.2749999999999999,0.275,0.45,8
5,-0.25,0.275,0.45,8
5,-0.22499999999999998,0.275,0.47500000000000003,9
5,-0.19999999999999996,0.275,0.47500000000000003,9
5,-0.17499999999999993,0.275,0.5,10
5,-0.1499999999999999,0.275,0.525,11
5,-0.125,0.30000000000000004,0.525,10
5,-0.09999999999999998,0.30000000000000004,0.55,11
5,-0.07499999999999996,0.30000000000000004,0.5750000000000001,12
5,-0.04999999999999993,0.30000000000000004,0.5750000000000001,12
5,-0.02499999999999991,0.30000000000000004,0.6000000000000001,13
5,0.0,0.30000000000000004,0.625,14
5,0.025000000000000133,0.30000000000000004,0.65,15
5,0.050000000000000044,0.30000000000000004,0.675,16
5,0.07499999999999996,0.30000000000000004,0.675,16
5,0.10000000000000009,0.30000000000000004,0.7000000000000001,17
5,0.125,0.325,0.7250000000000001,17
5,0.15000000000000013,0.325,0.75,18
5,0.17500000000000004,0.325,0.775,19
5,0.20000000000000018,0.325,0.8,20
5,0.2250000000000001,0.325,0.8250000000000001,21
5,0.25,0.325,0.8500000000000001,22
5,0.27500000000000013,0.325,0.875,23
5,0.30000000000000004,0.325,0.925,25
5,0.3250000000000002,0.325,0.9500000000000001,26
5,0.3500000000000001,0.325,0.9750000000000001,27
5,0.375,0.325,1.0,28
5,0.40000000000000013,0.35000000000000003,1.0250000000000001,28
5,0.42500000000000004,0.35000000000000003,1.05,29
5,0.4500000000000002,0.35000000000000003,1.1,31
5,0.4750000000000001,0.35000000000000003,1.125,32
5,0.5,0.35000000000000003,1.1500000000000001,33
5,0.5250000000000001,0.35000000000000003,1.175,34
5,0.55,0.35000000000000003,1.225,36
5,0.5750000000000002,0.35000000000000003,1.25,37
5,0.6000000000000001,0.35000000000000003,1.2750000000000001,38
5,0.625,0.35000000000000003,1.3250000000000002,40
5,0.6500000000000001,0.35000000000000003,1.35,41
5,0.675,0.35000000000000003,1.375,42
5,0.7000000000000002,0.375,1.425,43
5,0.7250000000000001,0.375,1.4500000000000002,44
5,0.75,0.375,1.475,45
5,0.7750000000000001,0.375,1.5250000000000001,47
5,0.8,0.375,1.55,48
5,0.8250000000000002,0.375,1.6,50
5,0.8500000000000001,0.375,1.625,51
5,0.875,0.375,1.6500000000000001,52
5,0.9000000000000001,0.375,1.7000000000000002,54
5,0.925,0.375,1.725,55
5,0.9500000000000002,0.375,1.75,56
5,0.9750000000000001,0.375,1.8,58
5,1.0,0.375,1.8250000000000002,59
5,1.025,0.375,1.875,61
5,1.0500000000000003,0.375,1.9000000000000001,62
5,1.0750000000000002,0.375,1.925,63
5,1.1,0.375,1.975,65
5,1.125,0.4,2.0,65
5,1.15,0.4,2.0500000000000003,67
5,1.1750000000000003,0.4,2.075,68
5,1.2000000000000002,0.4,2.1,69
5,1.225,0.4,2.15,71
5,1.25,0.4,2.1750000000000003,72
5,1.275,0.4,2.2,73
5,1.3000000000000003,0.4,2.25,75
5,1.3250000000000002,0.4,2.275,76
5,1.35,0.4,2.325,78
5,1.375,0.4,2.35,79
5,1.4000000000000004,0.4,2.375,80
5,1.4250000000000003,0.4,2.4250000000000003,82
5,1.4500000000000002,0.4,2.45,83
5,1.475,0.4,2.5,85
5,1.5,0.4,2.5250000000000004,86
5,1.5250000000000004,0.4,2.5500000000000003,87
5,1.5500000000000003,0.4,2.6,89
5,1.5750000000000002,0.4,2.625,90
5,1.6,0.4,2.6500000000000004,91
5,1.625,0.4,2.7,93
5,1.6500000000000004,0.4,2.725,94
5,1.6750000000000003,0.4,2.7750000000000004,96
5,1.7000000000000002,0.4,2.8000000000000003,97
5,1.725,0.4,2.825,98
5,1.75,0.4,2.875,100
5,1.7750000000000004,0.4,2.9000000000000004,101
5,1.8000000000000003,0.4,2.9250000000000003,102
5,1.8250000000000002,0.4,2.975,104
5,1.85,0.4,3.0,105
5,1.875,0.4,3.0250000000000004,106
5,1.9000000000000004,0.4,3.075,108
5,1.9250000000000003,0.4,3.1,109
5,1.9500000000000002,0.4,3.1500000000000004,111
5,1.975,0.4,3.1750000000000003,112
5,2.0,0.4,3.2,113
5,2.0250000000000004,0.4,3.25,115
5,2.0500000000000003,0.4,3.2750000000000004,116
5,2.075,0.4,3.3000000000000003,117
5,2.1,0.4,3.35,119
5,2.125,0.4,3.375,120
5,2.1500000000000004,0.4,3.4000000000000004,121
5,2.1750000000000003,0.4,3.45,123
5,2.2,0.4,3.475,124
5,2.225,0.4,3.5,125
5,2.25,0.4,3.5500000000000003,127
5,2.2750000000000004,0.4,3.575,128
5,2.3000000000000003,0.4,3.6,129
5,2.325,0.4,3.6500000000000004,131
5,2.35,0.4,3.6750000000000003,132
5,2.375,0.4,3.7,133
5,2.4000000000000004,0.4,3.75,135
5,2.4250000000000003,0.4,3.7750000000000004,136
5,2.45,0.4,3.8000000000000003,137
5,2.475,0.4,3.85,139
5,2.5,0.4,3.875,140
5,2.5250000000000004,0.4,3.9000000000000004,141
5,2.5500000000000003,0.4,3.95,143
5,2.575,0.4,3.975,144
5,2.6,0.4,4.0,145
5,2.625,0.4,4.05,147
5,2.6500000000000004,0.4,4.075,148
5,2.6750000000000003,0.4,4.1000000000000005,149
5,2.7,0.4,4.15,151
5,2.725,0.4,4.175,152
5,2.75,0.4,4.2,153
5,2.7750000000000004,0.4,4.25,155
5,2.8000000000000003,0.4,4.275,156
5,2.825,0.4,4.3,157
5,2.85,0.4,4.3500000000000005,159
5,2.875,0.4,4.375,160
5,2.9000000000000004,0.4,4.4,161
5,2.9250000000000003,0.4,4.425,162
5,2.95,0.4,4.4750000000000005,164
5,2.975,0.4,4.5,165
5,3.0,0.4,4.525,166
5,3.0250000000000004,0.4,4.575,168
5,3.05,0.4,4.6000000000000005,169
5,3.075,0.4,4.625,170
5,3.1000000000000005,0.4,4.675,172
5,3.125,0.4,4.7,173
5,3.1500000000000004,0.4,4.7250000000000005,174
5,3.175,0.4,4.775,176
5,3.2,0.4,4.800000000000001,177
5,3.2250000000000005,0.375,4.825,179
5,3.25,0.375,4.8500000000000005,180
5,3.2750000000000004,0.375,4.9,182
5,3.3,0.375,4.925000000000001,183
5,3.325,0.375,4.95,184
5,3.3500000000000005,0.375,5.0,186
5,3.375,0.375,5.025,187
5,3.4000000000000004,0.375,5.050000000000001,188
5,3.425,0.375,5.075,189
5,3.45,0.375,5.125,191
5,3.4750000000000005,0.375,5.15,192
5,3.5,0.375,5.175000000000001,193
5,3.5250000000000004,0.375,5.2250000000000005,195
5,3.55,0.375,5.25,196
5,3.575,0.375,5.275,197
5,3.6000000000000005,0.375,5.325,199
5,3.625,0.375,5.3500000000000005,200
5,3.6500000000000004,0.375,5.375,201
5,3.675,0.375,5.4,202
5,3.7,0.375,5.45,204
5,3.7250000000000005,0.375,5.4750000000000005,205
5,3.75,0.375,5.5,206
5,3.7750000000000004,0.375,5.550000000000001,208
5,3.8000000000000007,0.375,5.575,209
5,3.825,0.375,5.6000000000000005,210
5,3.8500000000000005,0.375,5.625,211
5,3.875,0.375,5.675000000000001,213
5,3.9000000000000004,0.375,5.7,214
5,3.9250000000000007,0.375,5.7250000000000005,215
5,3.95,0.375,5.75,216
5,3.9750000000000005,0.375,5.800000000000001,218
5,4.0,0.375,5.825,219
5,4.025,0.35000000000000003,5.8500000000000005,221
5,4.050000000000001,0.35000000000000003,5.9,223
5,4.075,0.35000000000000003,5.925000000000001,224
5,4.1000000000000005,0.35000000000000003,5.95,225
5,4.125,0.35000000000000003,5.9750000000000005,226
5,4.15,0.35000000000000003,6.025,228
5,4.175000000000001,0.35000000000000003,6.050000000000001,229
5,4.2,0.35000000000000003,6.075,230
5,4.2250000000000005,0.35000000000000003,6.1000000000000005,231
5,4.25,0.35000000000000003,6.15,233
5,4.275,0.35000000000000003,6.175000000000001,234
5,4.300000000000001,0.35000000000000003,6.2,235
5,4.325,0.35000000000000003,6.25,237
5,4.3500000000000005,0.35000000000000003,6.275,238
5,4.375,0.35000000000000003,6.300000000000001,239
5,4.4,0.35000000000000003,6.325,240
5,4.425000000000001,0.35000000000000003,6.375,242
5,4.45,0.35000000000000003,6.4,243
5,4.4750000000000005,0.35000000000000003,6.425000000000001,244
5,4.5,0.35000000000000003,6.45,245
5,4.525,0.35000000000000003,6.5,247
5,4.550000000000001,0.35000000000000003,6.525,248
5,4.575,0.35000000000000003,6.550000000000001,249
5,4.6000000000000005,0.35000000000000003,6.6000000000000005,251
5,4.625,0.35000000000000003,6.625,252
5,4.65,0.35000000000000003,6.65,253
5,4.675000000000001,0.35000000000000003,6.675000000000001,254
5,4.7,0.35000000000000003,6.7250000000000005,256
5,4.7250000000000005,0.35000000000000003,6.75,257
5,4.75,0.35000000000000003,6.775,258
5,4.775,0.325,6.800000000000001,260
5,4.800000000000001,0.325,6.8500000000000005,262
5,4.825,0.325,6.875,263
5,4.8500000000000005,0.325,6.9,264
5,4.875,0.325,6.925000000000001,265
5,4.9,0.325,6.9750000000000005,267
5,4.925000000000001,0.325,7.0,268
5,4.95,0.325,7.025,269
5,4.9750000000000005,0.325,7.050000000000001,270
5,5.0,0.325,7.1000000000000005,272
5,5.025,0.325,7.125,273
5,5.050000000000001,0.325,7.15,274
5,5.075,0.325,7.175000000000001,275
5,5.1000000000000005,0.325,7.2250000000000005,277
5,5.125,0.325,7.25,278
5,5.15,0.325,7.275,279
5,5.175000000000001,0.325,7.325,281
5,5.2,0.325,7.3500000000000005,282
5,5.2250000000000005,0.325,7.375,283
5,5.25,0.325,7.4,284
5,5.275,0.325,7.45,286
5,5.300000000000001,0.325,7.4750000000000005,287
5,5.325,0.325,7.5,288
5,5.3500000000000005,0.325,7.525,289
5,5.375,0.325,7.575,291
5,5.4,0.325,7.6000000000000005,292
5,5.425000000000001,0.325,7.625,293
5,5.45,0.325,7.65,294
5,5.4750000000000005,0.325,7.7,296
5,5.5,0.325,7.7250000000000005,297
5,5.525,0.325,7.75,298
5,5.550000000000001,0.30000000000000004,7.775,300
5,5.575,0.30000000000000004,7.825,302
5,5.6000000000000005,0.30000000000000004,7.8500000000000005,303
5,5.625,0.30000000000000004,7.875,304
5,5.65,0.30000000000000004,7.9,305
5,5.675000000000001,0.30000000000000004,7.95,307
5,5.7,0.30000000000000004,7.9750000000000005,308
5,5.7250000000000005,0.30000000000000004,8.0,309
5,5.75,0.30000000000000004,8.025,310
5,5.775,0.30000000000000004,8.075000000000001,312
5,5.800000000000001,0.30000000000000004,8.1,313
5,5.825,0.30000000000000004,8.125,314
5,5.8500000000000005,0.30000000000000004,8.15,315
5,5.875,0.30000000000000004,8.200000000000001,317
5,5.9,0.30000000000000004,8.225,318
5,5.925000000000001,0.30000000000000004,8.25,319
5,5.95,0.30000000000000004,8.275,320
5,5.9750000000000005,0.30000000000000004,8.325000000000001,322
5,6.0,0.30000000000000004,8.35,323
5,6.025,0.30000000000000004,8.375,324
5,6.050000000000001,0.30000000000000004,8.4,325
5,6.075,0.30000000000000004,8.450000000000001,327
5,6.1000000000000005,0.30000000000000004,8.475,328
5,6.125,0.30000000000000004,8.5,329
5,6.15,0.30000000000000004,8.525,330
5,6.175000000000001,0.30000000000000004,8.575000000000001,332
5,6.2,0.30000000000000004,8.6,333
5,6.2250000000000005,0.30000000000000004,8.625,334
5,6.25,0.30000000000000004,8.65,335
5,6.275,0.30000000000000004,8.700000000000001,337
5,6.300000000000001,0.30000000000000004,8.725,338
5,6.325,0.30000000000000004,8.75,339
5,6.3500000000000005,0.30000000000000004,8.775,340
5,6.375,0.30000000000000004,8.825000000000001,342
5,6.4,0.30000000000000004,8.85,343
5,6.425000000000001,0.275,8.875,345
5,6.45,0.275,8.9,346
5,6.4750000000000005,0.275,8.950000000000001,348
5,6.5,0.275,8.975,349
5,6.525,0.275,9.0,350
5,6.550000000000001,0.275,9.025,351
5,6.575,0.275,9.075000000000001,353
5,6.6000000000000005,0.275,9.1,354
5,6.625,0.275,9.125,355
5,6.65,0.275,9.15,356
5,6.675000000000001,0.275,9.175,357
5,6.7,0.275,9.225,359
5,6.7250000000000005,0.275,9.25,360
5,6.75,0.275,9.275,361
5,6.775,0.275,9.3,362
5,6.800000000000001,0.275,9.35,364
5,6.825,0.275,9.375,365
5,6.8500000000000005,0.275,9.4,366
5,6.875,0.275,9.425,367
5,6.9,0.275,9.475,369
5,6.925000000000001,0.275,9.5,370
5,6.95,0.275,9.525,371
5,6.9750000000000005,0.275,9.55,372
5,7.0,0.275,9.600000000000001,374
5,7.025,0.275,9.625,375
5,7.050000000000001,0.275,9.65,376
5,7.075000000000001,0.275,9.675,377
5,7.1,0.275,9.725000000000001,379
5,7.125,0.275,9.75,380
5,7.15,0.275,9.775,381
5,7.175000000000001,0.275,9.8,382
5,7.200000000000001,0.275,9.850000000000001,384
5,7.225,0.275,9.875,385
5,7.25,0.275,9.9,386
5,7.275,0.275,9.925,387
5,7.300000000000001,0.275,9.975000000000001,389
5,7.325000000000001,0.275,10.0,390
5,7.35,0.275,10.0,390
5,7.375,0.25,10.0,391
5,7.4,0.25,10.0,391
5,7.425000000000001,0.25,10.0,391
5,7.450000000000001,0.25,10.0,391
5,7.475,0.25,10.0,391
5,7.5,0.25,10.0,391
5,7.525,0.25,10.0,391
5,7.550000000000001,0.25,10.0,391
5,7.575000000000001,0.25,10.0,391
5,7.6,0.25,10.0,391
5,7.625,0.25,10.0,391
5,7.65,0.25,10.0,391
5,7.675000000000001,0.25,10.0,391
5,7.700000000000001,0.25,10.0,391
5,7.725,0.25,10.0,391
5,7.75,0.25,10.0,391
5,7.775,0.25,10.0,391
5,7.800000000000001,0.25,10.0,391
5,7.825000000000001,0.25,10.0,391
5,7.85,0.25,10.0,391
5,7.875,0.25,10.0,391
5,7.9,0.25,10.0,391
5,7.925000000000001,0.25,10.0,391
5,7.950000000000001,0.25,10.0,391
5,7.975,0.25,10.0,391
5,8.0,0.25,10.0,391
5,8.025,0.25,10.0,391
5,8.05,0.25,10.0,391
5,8.075000000000001,0.25,10.0,391
5,8.1,0.25,10.0,391
5,8.125,0.25,10.0,391
5,8.15,0.25,10.0,391
5,8.175,0.25,10.0,391
5,8.200000000000001,0.25,10.0,391
5,8.225,0.25,10.0,391
5,8.25,0.25,10.0,391
5,8.275,0.25,10.0,391
5,8.3,0.25,10.0,391
5,8.325000000000001,0.25,10.0,391
5,8.35,0.25,10.0,391
5,8.375,0.25,10.0,391
5,8.4,0.25,10.0,391
5,8.425,0.25,10.0,391
5,8.450000000000001,0.25,10.0,391
5,8.475,0.25,10.0,391
5,8.5,0.25,10.0,391
5,8.525,0.225,10.0,392
5,8.55,0.225,10.0,392
5,8.575000000000001,0.225,10.0,392
5,8.600000000000001,0.225,10.0,392
5,8.625,0.225,10.0,392
5,8.65,0.225,10.0,392
5,8.675,0.225,10.0,392
5,8.700000000000001,0.225,10.0,392
5,8.725000000000001,0.225,10.0,392
5,8.75,0.225,10.0,392
5,8.775,0.225,10.0,392
5,8.8,0.225,10.0,392
5,8.825000000000001,0.225,10.0,392
5,8.850000000000001,0.225,10.0,392
5,8.875,0.225,10.0,392
5,8.9,0.225,10.0,392
5,8.925,0.225,10.0,392
5,8.950000000000001,0.225,10.0,392
5,8.975000000000001,0.225,10.0,392
5,9.0,0.225,10.0,392
5,9.025,0.225,10.0,392
5,9.05,0.225,10.0,392
5,9.075000000000001,0.225,10.0,392
5,9.100000000000001,0.225,10.0,392
5,9.125,0.225,10.0,392
5,9.15,0.225,10.0,392
5,9.175,0.225,10.0,392
5,9.200000000000001,0.225,10.0,392
5,9.225000000000001,0.225,10.0,392
5,9.25,0.225,10.0,392
5,9.275,0.225,10.0,392
5,9.3,0.225,10.0,392
5,9.325000000000001,0.225,10.0,392
5,9.350000000000001,0.225,10.0,392
5,9.375,0.225,10.0,392
5,9.4,0.225,10.0,392
5,9.425,0.225,10.0,392
5,9.450000000000001,0.225,10.0,392
5,9.475000000000001,0.225,10.0,392
5,9.5,0.225,10.0,392
5,9.525,0.225,10.0,392
5,9.55,0.225,10.0,392
5,9.575000000000001,0.225,10.0,392
5,9.600000000000001,0.225,10.0,392
5,9.625,0.225,10.0,392
5,9.65,0.225,10.0,392
5,9.675,0.225,10.0,392
5,9.700000000000001,0.225,10.0,392
5,9.725000000000001,0.225,10.0,392
5,9.75,0.225,10.0,392
5,9.775,0.225,10.0,392
5,9.8,0.225,10.0,392
5,9.825000000000001,0.225,10.0,392
5,9.850000000000001,0.225,10.0,392
5,9.875,0.225,10.0,392
5,9.9,0.2,10.0,393
5,9.925,0.2,10.0,393
5,9.950000000000001,0.2,10.0,393
5,9.975000000000001,0.2,10.0,393
5,10.0,0.2,10.0,393
6,-1.0,0.225,0.225,1
6,-0.975,0.225,0.225,1
6,-0.95,0.225,0.225,1
6,-0.925,nan,nan,0
6,-0.9,0.25,0.25,1
6,-0.875,0.25,0.25,1
6,-0.85,0.25,0.25,1
6,-0.825,0.25,0.25,1
6,-0.8,0.25,0.25,1
6,-0.775,0.275,0.275,1
6,-0.75,0.275,0.275,1
6,-0.725,0.275,0.275,1
6,-0.7,0.275,0.275,1
6,-0.675,0.275,0.30000000000000004,2
6,-0.6499999999999999,0.275,0.30000000000000004,2
6,-0.625,0.30000000000000004,0.30000000000000004,1
6,-0.6,0.30000000000000004,0.30000000000000004,1
6,-0.575,0.30000000000000004,0.325,2
6,-0.55,0.30000000000000004,0.325,2
6,-0.5249999999999999,0.30000000000000004,0.325,2
6,-0.5,0.325,0.35000000000000003,2
6,-0.475,0.325,0.35000000000000003,2
6,-0.44999999999999996,0.325,0.375,3
6,-0.42499999999999993,0.325,0.375,3
6,-0.3999999999999999,0.35000000000000003,0.375,2
6,-0.375,0.35000000000000003,0.4,3
6,-0.35,0.35000000000000003,0.4,3
6,-0.32499999999999996,0.35000000000000003,0.42500000000000004,4
6,-0.29999999999999993,0.375,0.42500000000000004,3
6,-0.2749999999999999,0.375,0.45,4
6,-0.25,0.375,0.45,4
6,-0.22499999999999998,0.375,0.47500000000000003,5
6,-0.19999999999999996,0.4,0.47500000000000003,4
6,-0.17499999999999993,0.4,0.5,5
6,-0.1499999999999999,0.4,0.525,6
6,-0.125,0.42500000000000004,0.525,5
6,-0.09999999999999998,0.42500000000000004,0.55,6
6,-0.07499999999999996,0.42500000000000004,0.5750000000000001,7
6,-0.04999999999999993,0.45,0.5750000000000001,6
6,-0.02499999999999991,0.45,0.6000000000000001,7
6,0.0,0.45,0.625,8
6,0.025000000000000133,0.47500000000000003,0.65,8
6,0.050000000000000044,0.47500000000000003,0.675,9
6,0.07499999999999996,0.47500000000000003,0.675,9
6,0.10000000000000009,0.5,0.7000000000000001,9
6,0.125,0.5,0.7250000000000001,10
6,0.15000000000000013,0.5,0.75,11
6,0.17500000000000004,0.525,0.775,11
6,0.20000000000000018,0.525,0.8,12
6,0.2250000000000001,0.55,0.8250000000000001,12
6,0.25,0.55,0.8500000000000001,13
6,0.27500000000000013,0.5750000000000001,0.875,13
6,0.30000000000000004,0.5750000000000001,0.925,15
6,0.3250000000000002,0.5750000000000001,0.9500000000000001,16
6,0.3500000000000001,0.6000000000000001,0.9750000000000001,16
6,0.375,0.6000000000000001,1.0,17
6,0.40000000000000013,0.625,1.0250000000000001,17
6,0.42500000000000004,0.625,1.05,18
6,0.4500000000000002,0.65,1.1,19
6,0.4750000000000001,0.65,1.125,20
6,0.5,0.65,1.1500000000000001,21
6,0.5250000000000001,0.675,1.175,21
6,0.55,0.675,1.225,23
6,0.5750000000000002,0.7000000000000001,1.25,23
6,0.6000000000000001,0.7000000000000001,1.2750000000000001,24
6,0.625,0.7250000000000001,1.3250000000000002,25
6,0.6500000000000001,0.7250000000000001,1.35,26
6,0.675,0.75,1.375,26
6,0.7000000000000002,0.75,1.425,28
6,0.7250000000000001,0.775,1.4500000000000002,28
6,0.75,0.775,1.475,29
6,0.7750000000000001,0.8,1.5250000000000001,30
6,0.8,0.8,1.55,31
6,0.8250000000000002,0.8250000000000001,1.6,32
6,0.8500000000000001,0.8250000000000001,1.625,33
6,0.875,0.8500000000000001,1.6500000000000001,33
6,0.9000000000000001,0.8500000000000001,1.7000000000000002,35
6,0.925,0.8500000000000001,1.725,36
6,0.9500000000000002,0.875,1.75,36
6,0.9750000000000001,0.875,1.8,38
6,1.0,0.9,1.8250000000000002,38
6,1.025,0.9,1.875,40
6,1.0500000000000003,0.925,1.9000000000000001,40
6,1.0750000000000002,0.925,1.925,41
6,1.1,0.925,1.975,43
6,1.125,0.9500000000000001,2.0,43
6,1.15,0.9500000000000001,2.0500000000000003,45
6,1.1750000000000003,0.9750000000000001,2.075,45
6,1.2000000000000002,0.9750000000000001,2.1,46
6,1.225,0.9750000000000001,2.15,48
6,1.25,1.0,2.1750000000000003,48
6,1.275,1.0,2.2,49
6,1.3000000000000003,1.0250000000000001,2.25,50
6,1.3250000000000002,1.0250000000000001,2.275,51
6,1.35,1.0250000000000001,2.325,53
6,1.375,1.05,2.35,53
6,1.4000000000000004,1.05,2.375,54
6,1.4250000000000003,1.05,2.4250000000000003,56
6,1.4500000000000002,1.075,2.45,56
6,1.475,1.075,2.5,58
6,1.5,1.075,2.5250000000000004,59
6,1.5250000000000004,1.075,2.5500000000000003,60
6,1.5500000000000003,1.1,2.6,61
6,1.5750000000000002,1.1,2.625,62
6,1.6,1.1,2.6500000000000004,63
6,1.625,1.1,2.7,65
6,1.6500000000000004,1.125,2.725,65
6,1.6750000000000003,1.125,2.7750000000000004,67
6,1.7000000000000002,1.125,2.8000000000000003,68
6,1.725,1.125,2.825,69
6,1.75,1.125,2.875,71
6,1.7750000000000004,1.125,2.9000000000000004,72
6,1.8000000000000003,1.1500000000000001,2.9250000000000003,72
6,1.8250000000000002,1.1500000000000001,2.975,74
6,1.85,1.1500000000000001,3.0,75
6,1.875,1.1500000000000001,3.0250000000000004,76
6,1.9000000000000004,1.1500000000000001,3.075,78
6,1.9250000000000003,1.1500000000000001,3.1,79
6,1.9500000000000002,1.1500000000000001,3.1500000000000004,81
6,1.975,1.1500000000000001,3.1750000000000003,82
6,2.0,1.1500000000000001,3.2,83
6,2.0250000000000004,1.175,3.25,84
6,2.0500000000000003,1.175,3.2750000000000004,85
6,2.075,1.175,3.3000000000000003,86
6,2.1,1.175,3.35,88
6,2.125,1.175,3.375,89
6,2.1500000000000004,1.175,3.4000000000000004,90
6,2.1750000000000003,1.175,3.45,92
6,2.2,1.175,3.475,93
6,2.225,1.175,3.5,94
6,2.25,1.175,3.5500000000000003,96
6,2.2750000000000004,1.175,3.575,97
6,2.3000000000000003,1.175,3.6,98
6,2.325,1.175,3.6500000000000004,100
6,2.35,1.175,3.6750000000000003,101
6,2.375,1.175,3.7,102
6,2.4000000000000004,1.175,3.75,104
6,2.4250000000000003,1.175,3.7750000000000004,105
6,2.45,1.175,3.8000000000000003,106
6,2.475,1.175,3.85,108
6,2.5,1.175,3.875,109
6,2.5250000000000004,1.175,3.9000000000000004,110
6,2.5500000000000003,1.175,3.95,112
6,2.575,1.1500000000000001,3.975,114
6,2.6,1.1500000000000001,4.0,115
6,2.625,1.1500000000000001,4.05,117
6,2.6500000000000004,1.1500000000000001,4.075,118
6,2.6750000000000003,1.1500000000000001,4.1000000000000005,119
6,2.7,1.1500000000000001,4.15,121
6,2.725,1.1500000000000001,4.175,122
6,2.75,1.1500000000000001,4.2,123
6,2.7750000000000004,1.1500000000000001,4.25,125
6,2.8000000000000003,1.1500000000000001,4.275,126
6,2.825,1.1500000000000001,4.3,127
6,2.85,1.1500000000000001,4.3500000000000005,129
6,2.875,1.1500000000000001,4.375,130
6,2.9000000000000004,1.125,4.4,132
6,2.9250000000000003,1.125,4.425,133
6,2.95,1.125,4.4750000000000005,135
6,2.975,1.125,4.5,136
6,3.0,1.125,4.525,137
6,3.0250000000000004,1.125,4.575,139
6,3.05,1.125,4.6000000000000005,140
6,3.075,1.125,4.625,141
6,3.1000000000000005,1.125,4.675,143
6,3.125,1.1,4.7,145
6,3.1500000000000004,1.1,4.7250000000000005,146
6,3.175,1.1,4.775,148
6,3.2,1.1,4.800000000000001,149
6,3.2250000000000005,1.1,4.825,150
6,3.25,1.1,4.8500000000000005,151
6,3.2750000000000004,1.1,4.9,153
6,3.3,1.1,4.925000000000001,154
6,3.325,1.1,4.95,155
6,3.3500000000000005,1.075,5.0,158
6,3.375,1.075,5.025,159
6,3.4000000000000004,1.075,5.050000000000001,160
6,3.425,1.075,5.075,161
6,3.45,1.075,5.125,163
6,3.4750000000000005,1.075,5.15,164
6,3.5,1.075,5.175000000000001,165
6,3.5250000000000004,1.075,5.2250000000000005,167
6,3.55,1.075,5.25,168
6,3.575,1.05,5.275,170
6,3.6000000000000005,1.05,5.325,172
6,3.625,1.05,5.3500000000000005,173
6,3.6500000000000004,1.05,5.375,174
6,3.675,1.05,5.4,175
6,3.7,1.05,5.45,177
6,3.7250000000000005,1.05,5.4750000000000005,178
6,3.75,1.05,5.5,179
6,3.7750000000000004,1.0250000000000001,5.550000000000001,182
6,3.8000000000000007,1.0250000000000001,5.575,183
6,3.825,1.0250000000000001,5.6000000000000005,184
6,3.8500000000000005,1.0250000000000001,5.625,185
6,3.875,1.0250000000000001,5.675000000000001,187
6,3.9000000000000004,1.0250000000000001,5.7,188
6,3.9250000000000007,1.0250000000000001,5.7250000000000005,189
6,3.95,1.0250000000000001,5.75,190
6,3.9750000000000005,1.0,5.800000000000001,193
6,4.0,1.0,5.825,194
6,4.025,1.0,5.8500000000000005,195
6,4.050000000000001,1.0,5.9,197
6,4.075,1.0,5.925000000000001,198
6,4.1000000000000005,1.0,5.95,199
6,4.125,1.0,5.9750000000000005,200
6,4.15,1.0,6.025,202
6,4.175000000000001,1.0,6.050000000000001,203
6,4.2,0.9750000000000001,6.075,205
6,4.2250000000000005,0.9750000000000001,6.1000000000000005,206
6,4.25,0.9750000000000001,6.15,208
6,4.275,0.9750000000000001,6.175000000000001,209
6,4.300000000000001,0.9750000000000001,6.2,210
6,4.325,0.9750000000000001,6.25,212
6,4.3500000000000005,0.9750000000000001,6.275,213
6,4.375,0.9750000000000001,6.300000000000001,214
6,4.4,0.9750000000000001,6.325,215
6,4.425000000000001,0.9500000000000001,6.375,218
6,4.45,0.9500000000000001,6.4,219
6,4.4750000000000005,0.9500000000000001,6.425000000000001,220
6,4.5,0.9500000000000001,6.45,221
6,4.525,0.9500000000000001,6.5,223
6,4.550000000000001,0.9500000000000001,6.525,224
6,4.575,0.9500000000000001,6.550000000000001,225
6,4.6000000000000005,0.9500000000000001,6.6000000000000005,227
6,4.625,0.9500000000000001,6.625,228
6,4.65,0.925,6.65,230
6,4.675000000000001,0.925,6.675000000000001,231
6,4.7,0.925,6.7250000000000005,233
6,4.7250000000000005,0.925,6.75,234
6,4.75,0.925,6.775,235
6,4.775,0.925,6.800000000000001,236
6,4.800000000000001,0.925,6.8500000000000005,238
6,4.825,0.925,6.875,239
6,4.8500000000000005,0.925,6.9,240
6,4.875,0.925,6.925000000000001,241
6,4.9,0.9,6.9750000000000005,244
6,4.925000000000001,0.9,7.0,245
6,4.95,0.9,7.025,246
6,4.9750000000000005,0.9,7.050000000000001,247
6,5.0,0.9,7.1000000000000005,249
6,5.025,0.9,7.125,250
6,5.050000000000001,0.9,7.15,251
6,5.075,0.9,7.175000000000001,252
6,5.1000000000000005,0.9,7.2250000000000005,254
6,5.125,0.9,7.25,255
6,5.15,0.875,7.275,257
6,5.175000000000001,0.875,7.325,259
6,5.2,0.875,7.3500000000000005,260
6,5.2250000000000005,0.875,7.375,261
6,5.25,0.875,7.4,262
6,5.275,0.875,7.45,264
6,5.300000000000001,0.875,7.4750000000000005,265
6,5.325,0.875,7.5,266
6,5.3500000000000005,0.875,7.525,267
6,5.375,0.875,7.575,269
6,5.4,0.875,7.6000000000000005,270
6,5.425000000000001,0.8500000000000001,7.625,272
6,5.45,0.8500000000000001,7.65,273
6,5.4750000000000005,0.8500000000000001,7.7,275
6,5.5,0.8500000000000001,7.7250000000000005,276
6,5.525,0.8500000000000001,7.75,277
6,5.550000000000001,0.8500000000000001,7.775,278
6,5.575,0.8500000000000001,7.825,280
6,5.6000000000000005,0.8500000000000001,7.8500000000000005,281
6,5.625,0.8500000000000001,7.875,282
6,5.65,0.8500000000000001,7.9,283
6,5.675000000000001,0.8500000000000001,7.95,285
6,5.7,0.8250000000000001,7.9750000000000005,287
6,5.7250000000000005,0.8250000000000001,8.0,288
6,5.75,0.8250000000000001,8.025,289
6,5.775,0.8250000000000001,8.075000000000001,291
6,5.800000000000001,0.8250000000000001,8.1,292
6,5.825,0.8250000000000001,8.125,293
6,5.8500000000000005,0.8250000000000001,8.15,294
6,5.875,0.8250000000000001,8.200000000000001,296
6,5.9,0.8250000000000001,8.225,297
6,5.925000000000001,0.8250000000000001,8.25,298
6,5.95,0.8250000000000001,8.275,299
6,5.9750000000000005,0.8250000000000001,8.325000000000001,301
6,6.0,0.8250000000000001,8.35,302
6,6.025,0.8,8.375,304
6,6.050000000000001,0.8,8.4,305
6,6.075,0.8,8.450000000000001,307
6,6.1000000000000005,0.8,8.475,308
6,6.125,0.8,8.5,309
6,6.15,0.8,8.525,310
6,6.175000000000001,0.8,8.575000000000001,312
6,6.2,0.8,8.6,313
6,6.2250000000000005,0.8,8.625,314
6,6.25,0.8,8.65,315
6,6.275,0.8,8.700000000000001,317
6,6.300000000000001,0.8,8.725,318
6,6.325,0.8,8.75,319
6,6.3500000000000005,0.8,8.775,320
6,6.375,0.775,8.825000000000001,323
6,6.4,0.775,8.85,324
6,6.425000000000001,0.775,8.875,325
6,6.45,0.775,8.9,326
6,6.4750000000000005,0.775,8.950000000000001,328
6,6.5,0.775,8.975,329
6,6.525,0.775,9.0,330
6,6.550000000000001,0.775,9.025,331
6,6.575,0.775,9.075000000000001,333
6,6.6000000000000005,0.775,9.1,334
6,6.625,0.775,9.125,335
6,6.65,0.775,9.15,336
6,6.675000000000001,0.775,9.175,337
6,6.7,0.775,9.225,339
6,6.7250000000000005,0.75,9.25,341
6,6.75,0.75,9.275,342
6,6.775,0.75,9.3,343
6,6.800000000000001,0.75,9.35,345
6,6.825,0.75,9.375,346
6,6.8500000000000005,0.75,9.4,347
6,6.875,0.75,9.425,348
6,6.9,0.75,9.475,350
6,6.925000000000001,0.75,9.5,351
6,6.95,0.75,9.525,352
6,6.9750000000000005,0.75,9.55,353
6,7.0,0.75,9.600000000000001,355
6,7.025,0.75,9.625,356
6,7.050000000000001,0.75,9.65,357
6,7.075000000000001,0.75,9.675,358
6,7.1,0.75,9.725000000000001,360
6,7.125,0.7250000000000001,9.75,362
6,7.15,0.7250000000000001,9.775,363
6,7.175000000000001,0.7250000000000001,9.8,364
6,7.200000000000001,0.7250000000000001,9.850000000000001,366
6,7.225,0.7250000000000001,9.875,367
6,7.25,0.7250000000000001,9.9,368
6,7.275,0.7250000000000001,9.925,369
6,7.300000000000001,0.7250000000000001,9.975000000000001,371
6,7.325000000000001,0.7250000000000001,10.0,372
6,7.35,0.7250000000000001,10.0,372
6,7.375,0.7250000000000001,10.0,372
6,7.4,0.7250000000000001,10.0,372
6,7.425000000000001,0.7250000000000001,10.0,372
6,7.450000000000001,0.7250000000000001,10.0,372
6,7.475,0.7250000000000001,10.0,372
6,7.5,0.7250000000000001,10.0,372
6,7.525,0.7250000000000001,10.0,372
6,7.550000000000001,0.7250000000000001,10.0,372
6,7.575000000000001,0.7000000000000001,10.0,373
6,7.6,0.7000000000000001,10.0,373
6,7.625,0.7000000000000001,10.0,373
6,7.65,0.7000000000000001,10.0,373
6,7.675000000000001,0.7000000000000001,10.0,373
6,7.700000000000001,0.7000000000000001,10.0,373
6,7.725,0.7000000000000001,10.0,373
6,7.75,0.7000000000000001,10.0,373
6,7.775,0.7000000000000001,10.0,373
6,7.800000000000001,0.7000000000000001,10.0,373
6,7.825000000000001,0.7000000000000001,10.0,373
6,7.85,0.7000000000000001,10.0,373
6,7.875,0.7000000000000001,10.0,373
6,7.9,0.7000000000000001,10.0,373
6,7.925000000000001,0.7000000000000001,10.0,373
6,7.950000000000001,0.7000000000000001,10.0,373
6,7.975,0.7000000000000001,10.0,373
6,8.0,0.7000000000000001,10.0,373
6,8.025,0.7000000000000001,10.0,373
6,8.05,0.675,10.0,374
6,8.075000000000001,0.675,10.0,374
6,8.1,0.675,10.0,374
6,8.125,0.675,10.0,374
6,8.15,0.675,10.0,374
6,8.175,0.675,10.0,374
6,8.200000000000001,0.675,10.0,374
6,8.225,0.675,10.0,374
6,8.25,0.675,10.0,374
6,8.275,0.675,10.0,374
6,8.3,0.675,10.0,374
6,8.325000000000001,0.675,10.0,374
6,8.35,0.675,10.0,374
6,8.375,0.675,10.0,374
6,8.4,0.675,10.0,374
6,8.425,0.675,10.0,374
6,8.450000000000001,0.675,10.0,374
6,8.475,0.675,10.0,374
6,8.5,0.675,10.0,374
6,8.525,0.675,10.0,374
6,8.55,0.675,10.0,374
6,8.575000000000001,0.65,10.0,375
6,8.600000000000001,0.65,10.0,375
6,8.625,0.65,10.0,375
6,8.65,0.65,10.0,375
6,8.675,0.65,10.0,375
6,8.700000000000001,0.65,10.0,375
6,8.725000000000001,0.65,10.0,375
6,8.75,0.65,10.0,375
6,8.775,0.65,10.0,375
6,8.8,0.65,10.0,375
6,8.825000000000001,0.65,10.0,375
6,8.850000000000001,0.65,10.0,375
6,8.875,0.65,10.0,375
6,8.9,0.65,10.0,375
6,8.925,0.65,10.0,375
6,8.950000000000001,0.65,10.0,375
6,8.975000000000001,0.65,10.0,375
6,9.0,0.65,10.0,375
6,9.025,0.65,10.0,375
6,9.05,0.65,10.0,375
6,9.075000000000001,0.65,10.0,375
6,9.100000000000001,0.65,10.0,375
6,9.125,0.625,10.0,376
6,9.15,0.625,10.0,376
6,9.175,0.625,10.0,376
6,9.200000000000001,0.625,10.0,376
6,9.225000000000001,0.625,10.0,376
6,9.25,0.625,10.0,376
6,9.275,0.625,10.0,376
6,9.3,0.625,10.0,376
6,9.325000000000001,0.625,10.0,376
6,9.350000000000001,0.625,10.0,376
6,9.375,0.625,10.0,376
6,9.4,0.625,10.0,376
6,9.425,0.625,10.0,376
6,9.450000000000001,0.625,10.0,376
6,9.475000000000001,0.625,10.0,376
6,9.5,0.625,10.0,376
6,9.525,0.625,10.0,376
6,9.55,0.625,10.0,376
6,9.575000000000001,0.625,10.0,376
6,9.600000000000001,0.625,10.0,376
6,9.625,0.625,10.0,376
6,9.65,0.625,10.0,376
6,9.675,0.625,10.0,376
6,9.700000000000001,0.625,10.0,376
6,9.725000000000001,0.625,10.0,376
6,9.75,0.625,10.0,376
6,9.775,0.6000000000000001,10.0,377
6,9.8,0.6000000000000001,10.0,377
6,9.825000000000001,0.6000000000000001,10.0,377
6,9.850000000000001,0.6000000000000001,10.0,377
6,9.875,0.6000000000000001,10.0,377
6,9.9,0.6000000000000001,10.0,377
6,9.925,0.6000000000000001,10.0,377
6,9.950000000000001,0.6000000000000001,10.0,377
6,9.975000000000001,0.6000000000000001,10.0,377
6,10.0,0.6000000000000001,10.0,377
7,-1.0,nan,nan,0
7,-0.975,0.225,0.225,1
7,-0.95,0.225,0.225,1
7,-0.925,nan,nan,0
7,-0.9,nan,nan,0
7,-0.875,nan,nan,0
7,-0.85,nan,nan,0
7,-0.825,0.25,0.25,1
7,-0.8,0.25,0.25,1
7,-0.775,nan,nan,0
7,-0.75,nan,nan,0
7,-0.725,nan,nan,0
7,-0.7,0.275,0.275,1
7,-0.675,0.275,0.275,1
7,-0.6499999999999999,0.275,0.275,1
7,-0.625,nan,nan,0
7,-0.6,nan,nan,0
7,-0.575,0.30000000000000004,0.30000000000000004,1
7,-0.55,0.30000000000000004,0.30000000000000004,1
7,-0.5249999999999999,0.30000000000000004,0.30000000000000004,1
7,-0.5,nan,nan,0
7,-0.475,0.325,0.325,1
7,-0.44999999999999996,0.325,0.325,1
7,-0.42499999999999993,0.325,0.325,1
7,-0.3999999999999999,0.35000000000000003,0.35000000000000003,1
7,-0.375,0.35000000000000003,0.35000000000000003,1
7,-0.35,0.35000000000000003,0.35000000000000003,1
7,-0.32499999999999996,0.35000000000000003,0.375,2
7,-0.29999999999999993,0.375,0.375,1
7,-0.2749999999999999,0.375,0.375,1
7,-0.25,0.375,0.4,2
7,-0.22499999999999998,0.375,0.4,2
7,-0.19999999999999996,0.4,0.42500000000000004,2
7,-0.17499999999999993,0.4,0.42500000000000004,2
7,-0.1499999999999999,0.4,0.42500000000000004,2
7,-0.125,0.42500000000000004,0.45,2
7,-0.09999999999999998,0.42500000000000004,0.45,2
7,-0.07499999999999996,0.42500000000000004,0.47500000000000003,3
7,-0.04999999999999993,0.45,0.47500000000000003,2
7,-0.02499999999999991,0.45,0.5,3
7,0.0,0.45,0.525,4
7,0.025000000000000133,0.47500000000000003,0.525,3
7,0.050000000000000044,0.47500000000000003,0.55,4
7,0.07499999999999996,0.47500000000000003,0.55,4
7,0.10000000000000009,0.5,0.5750000000000001,4
7,0.125,0.5,0.6000000000000001,5
7,0.15000000000000013,0.5,0.6000000000000001,5
7,0.17500000000000004,0.525,0.625,5
7,0.20000000000000018,0.525,0.65,6
7,0.2250000000000001,0.55,0.675,6
7,0.25,0.55,0.7000000000000001,7
7,0.27500000000000013,0.5750000000000001,0.7250000000000001,7
7,0.30000000000000004,0.5750000000000001,0.7250000000000001,7
7,0.3250000000000002,0.5750000000000001,0.75,8
7,0.3500000000000001,0.6000000000000001,0.775,8
7,0.375,0.6000000000000001,0.8,9
7,0.40000000000000013,0.625,0.8250000000000001,9
7,0.42500000000000004,0.625,0.875,11
7,0.4500000000000002,0.65,0.9,11
7,0.4750000000000001,0.65,0.925,12
7,0.5,0.65,0.9500000000000001,13
7,0.5250000000000001,0.675,0.9750000000000001,13
7,0.55,0.675,1.0250000000000001,15
7,0.5750000000000002,0.7000000000000001,1.05,15
7,0.6000000000000001,0.7000000000000001,1.075,16
7,0.625,0.7250000000000001,1.1,16
7,0.6500000000000001,0.7250000000000001,1.1500000000000001,18
7,0.675,0.75,1.175,18
7,0.7000000000000002,0.75,1.225,20
7,0.7250000000000001,0.775,1.25,20
7,0.75,0.775,1.2750000000000001,21
7,0.7750000000000001,0.8,1.3250000000000002,22
7,0.8,0.8,1.35,23
7,0.8250000000000002,0.8250000000000001,1.4000000000000001,24
7,0.8500000000000001,0.8250000000000001,1.425,25
7,0.875,0.8500000000000001,1.475,26
7,0.9000000000000001,0.8500000000000001,1.5,27
7,0.925,0.8500000000000001,1.5250000000000001,28
7,0.9500000000000002,0.875,1.5750000000000002,29
7,0.9750000000000001,0.875,1.6,30
7,1.0,0.9,1.6500000000000001,31
7,1.025,0.9,1.675,32
7,1.0500000000000003,0.925,1.725,33
7,1.0750000000000002,0.925,1.75,34
7,1.1,0.925,1.8,36
7,1.125,0.9500000000000001,1.8250000000000002,36
7,1.15,0.9500000000000001,1.875,38
7,1.1750000000000003,0.9750000000000001,1.9000000000000001,38
7,1.2000000000000002,0.9750000000000001,1.925,39
7,1.225,0.9750000000000001,1.975,41
7,1.25,1.0,2.0,41
7,1.275,1.0,2.0500000000000003,43
7,1.3000000000000003,1.0250000000000001,2.075,43
7,1.3250000000000002,1.0250000000000001,2.125,45
7,1.35,1.0250000000000001,2.15,46
7,1.375,1.05,2.1750000000000003,46
7,1.4000000000000004,1.05,2.225,48
7,1.4250000000000003,1.05,2.25,49
7,1.4500000000000002,1.075,2.3000000000000003,50
7,1.475,1.075,2.325,51
7,1.5,1.075,2.35,52
7,1.5250000000000004,1.075,2.4000000000000004,54
7,1.5500000000000003,1.1,2.4250000000000003,54
7,1.5750000000000002,1.1,2.45,55
7,1.6,1.1,2.5,57
7,1.625,1.1,2.5250000000000004,58
7,1.6500000000000004,1.125,2.5500000000000003,58
7,1.6750000000000003,1.125,2.6,60
7,1.7000000000000002,1.125,2.625,61
7,1.725,1.125,2.6500000000000004,62
7,1.75,1.125,2.7,64
7,1.7750000000000004,1.125,2.725,65
7,1.8000000000000003,1.1500000000000001,2.75,65
7,1.8250000000000002,1.1500000000000001,2.8000000000000003,67
7,1.85,1.1500000000000001,2.825,68
7,1.875,1.1500000000000001,2.85,69
7,1.9000000000000004,1.1500000000000001,2.9000000000000004,71
7,1.9250000000000003,1.1500000000000001,2.9250000000000003,72
7,1.9500000000000002,1.1500000000000001,2.95,73
7,1.975,1.1500000000000001,2.975,74
7,2.0,1.1500000000000001,3.0250000000000004,76
7,2.0250000000000004,1.175,3.0500000000000003,76
7,2.0500000000000003,1.175,3.075,77
7,2.075,1.175,3.1,78
7,2.1,1.175,3.1500000000000004,80
7,2.125,1.175,3.1750000000000003,81
7,2.1500000000000004,1.175,3.2,82
7,2.1750000000000003,1.175,3.25,84
7,2.2,1.175,3.2750000000000004,85
7,2.225,1.175,3.3000000000000003,86
7,2.25,1.175,3.325,87
7,2.2750000000000004,1.175,3.375,89
7,2.3000000000000003,1.175,3.4000000000000004,90
7,2.325,1.175,3.4250000000000003,91
7,2.35,1.175,3.45,92
7,2.375,1.175,3.475,93
7,2.4000000000000004,1.175,3.5250000000000004,95
7,2.4250000000000003,1.175,3.5500000000000003,96
7,2.45,1.175,3.575,97
7,2.475,1.175,3.6,98
7,2.5,1.175,3.6500000000000004,100
7,2.5250000000000004,1.175,3.6750000000000003,101
7,2.5500000000000003,1.175,3.7,102
7,2.575,1.1500000000000001,3.725,104
7,2.6,1.1500000000000001,3.75,105
7,2.625,1.1500000000000001,3.8000000000000003,107
7,2.6500000000000004,1.1500000000000001,3.825,108
7,2.6750000000000003,1.1500000000000001,3.85,109
7,2.7,1.1500000000000001,3.875,110
7,2.725,1.1500000000000001,3.9000000000000004,111
7,2.75,1.1500000000000001,3.95,113
7,2.7750000000000004,1.1500000000000001,3.975,114
7,2.8000000000000003,1.1500000000000001,4.0,115
7,2.825,1.1500000000000001,4.025,116
7,2.85,1.1500000000000001,4.05,117
7,2.875,1.1500000000000001,4.075,118
7,2.9000000000000004,1.125,4.125,121
7,2.9250000000000003,1.125,4.15,122
7,2.95,1.125,4.175,123
7,2.975,1.125,4.2,124
7,3.0,1.125,4.2250000000000005,125
7,3.0250000000000004,1.125,4.275,127
7,3.05,1.125,4.3,128
7,3.075,1.125,4.325,129
7,3.1000000000000005,1.125,4.3500000000000005,130
7,3.125,1.1,4.375,132
7,3.1500000000000004,1.1,4.4,133
7,3.175,1.1,4.45,135
7,3.2,1.1,4.4750000000000005,136
7,3.2250000000000005,1.1,4.5,137
7,3.25,1.1,4.525,138
7,3.2750000000000004,1.1,4.55,139
7,3.3,1.1,4.575,140
7,3.325,1.1,4.625,142
7,3.3500000000000005,1.075,4.65,144
7,3.375,1.075,4.675,145
7,3.4000000000000004,1.075,4.7,146
7,3.425,1.075,4.7250000000000005,147
7,3.45,1.075,4.75,148
7,3.4750000000000005,1.075,4.800000000000001,150
7,3.5,1.075,4.825,151
7,3.5250000000000004,1.075,4.8500000000000005,152
7,3.55,1.075,4.875,153
7,3.575,1.05,4.9,155
7,3.6000000000000005,1.05,4.925000000000001,156
7,3.625,1.05,4.9750000000000005,158
7,3.6500000000000004,1.05,5.0,159
7,3.675,1.05,5.025,160
7,3.7,1.05,5.050000000000001,161
7,3.7250000000000005,1.05,5.075,162
7,3.75,1.05,5.1000000000000005,163
7,3.7750000000000004,1.0250000000000001,5.15,166
7,3.8000000000000007,1.0250000000000001,5.175000000000001,167
7,3.825,1.0250000000000001,5.2,168
7,3.8500000000000005,1.0250000000000001,5.2250000000000005,169
7,3.875,1.0250000000000001,5.25,170
7,3.9000000000000004,1.0250000000000001,5.275,171
7,3.9250000000000007,1.0250000000000001,5.300000000000001,172
7,3.95,1.0250000000000001,5.3500000000000005,174
7,3.9750000000000005,1.0,5.375,176
7,4.0,1.0,5.4,177
7,4.025,1.0,5.425000000000001,178
7,4.050000000000001,1.0,5.45,179
7,4.075,1.0,5.4750000000000005,180
7,4.1000000000000005,1.0,5.525,182
7,4.125,1.0,5.550000000000001,183
7,4.15,1.0,5.575,184
7,4.175000000000001,1.0,5.6000000000000005,185
7,4.2,0.9750000000000001,5.625,187
7,4.2250000000000005,0.9750000000000001,5.65,188
7,4.25,0.9750000000000001,5.7,190
7,4.275,0.9750000000000001,5.7250000000000005,191
7,4.300000000000001,0.9750000000000001,5.75,192
7,4.325,0.9750000000000001,5.775,193
7,4.3500000000000005,0.9750000000000001,5.800000000000001,194
7,4.375,0.9750000000000001,5.825,195
7,4.4,0.9750000000000001,5.8500000000000005,196
7,4.425000000000001,0.9500000000000001,5.9,199
7,4.45,0.9500000000000001,5.925000000000001,200
7,4.4750000000000005,0.9500000000000001,5.95,201
7,4.5,0.9500000000000001,5.9750000000000005,202
7,4.525,0.9500000000000001,6.0,203
7,4.550000000000001,0.9500000000000001,6.025,204
7,4.575,0.9500000000000001,6.075,206
7,4.6000000000000005,0.9500000000000001,6.1000000000000005,207
7,4.625,0.9500000000000001,6.125,208
7,4.65,0.925,6.15,210
7,4.675000000000001,0.925,6.175000000000001,211
7,4.7,0.925,6.2,212
7,4.7250000000000005,0.925,6.25,214
7,4.75,0.925,6.275,215
7,4.775,0.925,6.300000000000001,216
7,4.800000000000001,0.925,6.325,217
7,4.825,0.925,6.3500000000000005,218
7,4.8500000000000005,0.925,6.375,219
7,4.875,0.925,6.425000000000001,221
7,4.9,0.9,6.45,223
7,4.925000000000001,0.9,6.4750000000000005,224
7,4.95,0.9,6.5,225
7,4.9750000000000005,0.9,6.525,226
7,5.0,0.9,6.550000000000001,227
7,5.025,0.9,6.6000000000000005,229
7,5.050000000000001,0.9,6.625,230
7,5.075,0.9,6.65,231
7,5.1000000000000005,0.9,6.675000000000001,232
7,5.125,0.9,6.7,233
7,5.15,0.875,6.7250000000000005,235
7,5.175000000000001,0.875,6.775,237
7,5.2,0.875,6.800000000000001,238
7,5.2250000000000005,0.875,6.825,239
7,5.25,0.875,6.8500000000000005,240
7,5.275,0.875,6.875,241
7,5.300000000000001,0.875,6.9,242
7,5.325,0.875,6.95,244
7,5.3500000000000005,0.875,6.9750000000000005,245
7,5.375,0.875,7.0,246
7,5.4,0.875,7.025,247
7,5.425000000000001,0.8500000000000001,7.050000000000001,249
7,5.45,0.8500000000000001,7.075,250
7,5.4750000000000005,0.8500000000000001,7.125,252
7,5.5,0.8500000000000001,7.15,253
7,5.525,0.8500000000000001,7.175000000000001,254
7,5.550000000000001,0.8500000000000001,7.2,255
7,5.575,0.8500000000000001,7.2250000000000005,256
7,5.6000000000000005,0.8500000000000001,7.25,257
7,5.625,0.8500000000000001,7.300000000000001,259
7,5.65,0.8500000000000001,7.325,260
7,5.675000000000001,0.8500000000000001,7.3500000000000005,261
7,5.7,0.8250000000000001,7.375,263
7,5.7250000000000005,0.8250000000000001,7.4,264
7,5.75,0.8250000000000001,7.425000000000001,265
7,5.775,0.8250000000000001,7.4750000000000005,267
7,5.800000000000001,0.8250000000000001,7.5,268
7,5.825,0.8250000000000001,7.525,269
7,5.8500000000000005,0.8250000000000001,7.550000000000001,270
7,5.875,0.8250000000000001,7.575,271
7,5.9,0.8250000000000001,7.625,273
7,5.925000000000001,0.8250000000000001,7.65,274
7,5.95,0.8250000000000001,7.675000000000001,275
7,5.9750000000000005,0.8250000000000001,7.7,276
7,6.0,0.8250000000000001,7.7250000000000005,277
7,6.025,0.8,7.75,279
7,6.050000000000001,0.8,7.800000000000001,281
7,6.075,0.8,7.825,282
7,6.1000000000000005,0.8,7.8500000000000005,283
7,6.125,0.8,7.875,284
7,6.15,0.8,7.9,285
7,6.175000000000001,0.8,7.925000000000001,286
7,6.2,0.8,7.9750000000000005,288
7,6.2250000000000005,0.8,8.0,289
7,6.25,0.8,8.025,290
7,6.275,0.8,8.05,291
7,6.300000000000001,0.8,8.075000000000001,292
7,6.325,0.8,8.1,293
7,6.3500000000000005,0.8,8.15,295
7,6.375,0.775,8.175,297
7,6.4,0.775,8.200000000000001,298
7,6.425000000000001,0.775,8.225,299
7,6.45,0.775,8.25,300
7,6.4750000000000005,0.775,8.275,301
7,6.5,0.775,8.325000000000001,303
7,6.525,0.775,8.35,304
7,6.550000000000001,0.775,8.375,305
7,6.575,0.775,8.4,306
7,6.6000000000000005,0.775,8.425,307
7,6.625,0.775,8.475,309
7,6.65,0.775,8.5,310
7,6.675000000000001,0.775,8.525,311
7,6.7,0.775,8.55,312
7,6.7250000000000005,0.75,8.575000000000001,314
7,6.75,0.75,8.6,315
7,6.775,0.75,8.65,317
7,6.800000000000001,0.75,8.675,318
7,6.825,0.75,8.700000000000001,319
7,6.8500000000000005,0.75,8.725,320
7,6.875,0.75,8.75,321
7,6.9,0.75,8.775,322
7,6.925000000000001,0.75,8.825000000000001,324
7,6.95,0.75,8.85,325
7,6.9750000000000005,0.75,8.875,326
7,7.0,0.75,8.9,327
7,7.025,0.75,8.925,328
7,7.050000000000001,0.75,8.975,330
7,7.075000000000001,0.75,9.0,331
7,7.1,0.75,9.025,332
7,7.125,0.7250000000000001,9.05,334
7,7.15,0.7250000000000001,9.075000000000001,335
7,7.175000000000001,0.7250000000000001,9.1,336
7,7.200000000000001,0.7250000000000001,9.15,338
7,7.225,0.7250000000000001,9.175,339
7,7.25,0.7250000000000001,9.200000000000001,340
7,7.275,0.7250000000000001,9.225,341
7,7.300000000000001,0.7250000000000001,9.25,342
7,7.325000000000001,0.7250000000000001,9.275,343
7,7.35,0.7250000000000001,9.325000000000001,345
7,7.375,0.7250000000000001,9.35,346
7,7.4,0.7250000000000001,9.375,347
7,7.425000000000001,0.7250000000000001,9.4,348
7,7.450000000000001,0.7250000000000001,9.425,349
7,7.475,0.7250000000000001,9.475,351
7,7.5,0.7250000000000001,9.5,352
7,7.525,0.7250000000000001,9.525,353
7,7.550000000000001,0.7250000000000001,9.55,354
7,7.575000000000001,0.7000000000000001,9.575000000000001,356
7,7.6,0.7000000000000001,9.600000000000001,357
7,7.625,0.7000000000000001,9.65,359
7,7.65,0.7000000000000001,9.675,360
7,7.675000000000001,0.7000000000000001,9.700000000000001,361
7,7.700000000000001,0.7000000000000001,9.725000000000001,362
7,7.725,0.7000000000000001,9.75,363
7,7.75,0.7000000000000001,9.775,364
7,7.775,0.7000000000000001,9.825000000000001,366
7,7.800000000000001,0.7000000000000001,9.850000000000001,367
7,7.825000000000001,0.7000000000000001,9.875,368
7,7.85,0.7000000000000001,9.9,369
7,7.875,0.7000000000000001,9.925,370
7,7.9,0.7000000000000001,9.975000000000001,372
7,7.925000000000001,0.7000000000000001,10.0,373
7,7.950000000000001,0.7000000000000001,10.0,373
7,7.975,0.7000000000000001,10.0,373
7,8.0,0.7000000000000001,10.0,373
7,8.025,0.7000000000000001,10.0,373
7,8.05,0.675,10.0,374
7,8.075000000000001,0.675,10.0,374
7,8.1,0.675,10.0,374
7,8.125,0.675,10.0,374
7,8.15,0.675,10.0,374
7,8.175,0.675,10.0,374
7,8.200000000000001,0.675,10.0,374
7,8.225,0.675,10.0,374
7,8.25,0.675,10.0,374
7,8.275,0.675,10.0,374
7,8.3,0.675,10.0,374
7,8.325000000000001,0.675,10.0,374
7,8.35,0.675,10.0,374
7,8.375,0.675,10.0,374
7,8.4,0.675,10.0,374
7,8.425,0.675,10.0,374
7,8.450000000000001,0.675,10.0,374
7,8.475,0.675,10.0,374
7,8.5,0.675,10.0,374
7,8.525,0.675,10.0,374
7,8.55,0.675,10.0,374
7,8.575000000000001,0.65,10.0,375
7,8.600000000000001,0.65,10.0,375
7,8.625,0.65,10.0,375
7,8.65,0.65,10.0,375
7,8.675,0.65,10.0,375
7,8.700000000000001,0.65,10.0,375
7,8.725000000000001,0.65,10.0,375
7,8.75,0.65,10.0,375
7,8.775,0.65,10.0,375
7,8.8,0.65,10.0,375
7,8.825000000000001,0.65,10.0,375
7,8.850000000000001,0.65,10.0,375
7,8.875,0.65,10.0,375
7,8.9,0.65,10.0,375
7,8.925,0.65,10.0,375
7,8.950000000000001,0.65,10.0,375
7,8.975000000000001,0.65,10.0,375
7,9.0,0.65,10.0,375
7,9.025,0.65,10.0,375
7,9.05,0.65,10.0,375
7,9.075000000000001,0.65,10.0,375
7,9.100000000000001,0.65,10.0,375
7,9.125,0.625,10.0,376
7,9.15,0.625,10.0,376
7,9.175,0.625,10.0,376
7,9.200000000000001,0.625,10.0,376
7,9.225000000000001,0.625,10.0,376
7,9.25,0.625,10.0,376
7,9.275,0.625,10.0,376
7,9.3,0.625,10.0,376
7,9.325000000000001,0.625,10.0,376
7,9.350000000000001,0.625,10.0,376
7,9.375,0.625,10.0,376
7,9.4,0.625,10.0,376
7,9.425,0.625,10.0,376
7,9.450000000000001,0.625,10.0,376
7,9.475000000000001,0.625,10.0,376
7,9.5,0.625,10.0,376
7,9.525,0.625,10.0,376
7,9.55,0.625,10.0,376
7,9.575000000000001,0.625,10.0,376
7,9.600000000000001,0.625,10.0,376
7,9.625,0.625,10.0,376
7,9.65,0.625,10.0,376
7,9.675,0.625,10.0,376
7,9.700000000000001,0.625,10.0,376
7,9.725000000000001,0.625,10.0,376
7,9.75,0.625,10.0,376
7,9.775,0.6000000000000001,10.0,377
7,9.8,0.6000000000000001,10.0,377
7,9.825000000000001,0.6000000000000001,10.0,377
7,9.850000000000001,0.6000000000000001,10.0,377
7,9.875,0.6000000000000001,10.0,377
7,9.9,0.6000000000000001,10.0,377
7,9.925,0.6000000000000001,10.0,377
7,9.950000000000001,0.6000000000000001,10.0,377
7,9.975000000000001,0.6000000000000001,10.0,377
7,10.0,0.6000000000000001,10.0,377
