x,g_0_2,g_gc,g_0_5
-4.6,0.48771199999999837,2.855312819475104,19.68019999999999
-4.59487072560467,0.48827902936459255,2.835108602277594,19.56746125134568
-4.589741451209341,0.48886061409512527,2.815026394828916,19.45521934755308
-4.584612176814011,0.48945661866196577,2.7950657327002224,19.34347283429408
-4.579482902418682,0.4900669078677323,2.775226152261949,19.23222025931719
-4.574353628023353,0.490691346847298,2.755507190683795,19.12146017244748
-4.569224353628023,0.49132980106777957,2.7359083859347253,19.01119112558654
-4.564095079232693,0.4919821363285447,2.716429276782968,18.901411672712552
-4.5589658048373645,0.49264821876121756,2.697069402796049,18.79212036988027
-4.553836530442035,0.49332791482966076,2.677828304340723,18.683315775220972
-4.548707256046705,0.49402109133000194,2.6587055225830563,18.574996448942546
-4.543577981651376,0.49472761539060395,2.639700599488351,18.467160953329422
-4.538448707256046,0.495447354472093,2.6208130778211896,18.359807852742566
-4.533319432860717,0.4961801763673318,2.6020425011454256,18.252935713619532
-4.528190158465388,0.4969259492014433,2.5833884138241903,18.14654310447448
-4.523060884070058,0.4976845414317923,2.5648503610198623,18.040628595898017
-4.517931609674728,0.49845582184800163,2.5464278886941014,17.935190760557422
-4.5128023352794,0.49923965957194705,2.528120543607855,17.830228173196524
-4.50767306088407,0.5000359240577374,2.5099278733213053,17.725739410635626
-4.50254378648874,0.500844485091745,2.4918494261939284,17.62172305177168
-4.497414512093411,0.5016652127925929,2.473884751384451,17.518177677578194
-4.4922852376980815,0.5024979776111431,2.456033398850892,17.415101871105193
-4.487155963302752,0.5033426503305206,2.438294919350525,17.312494217479298
-4.482026688907423,0.5041991020660928,2.4206688644398886,17.21035330390371
-4.476897414512093,0.5050672042654796,2.4031547864748024,17.10867771965811
-4.4717681401167635,0.5059468287085501,2.3857522386103485,17.00746605609885
-4.466638865721434,0.5068378475074191,2.368460774800873,16.906716906658772
-4.461509591326105,0.5077401331064619,2.3512799498000163,16.80642886684732
-4.456380316930775,0.5086535582822972,2.3342093191606557,16.706600534250455
-4.4512510425354455,0.509577996143791,2.3172484392349464,16.60723050853074
-4.446121768140117,0.5105133201320653,2.300396867174336,16.508317391427312
-4.440992493744787,0.5114594040204882,2.2836541609295082,16.409859786755803
-4.435863219349457,0.512416121914675,2.267019879250437,16.31185630040848
-4.430733944954128,0.5133833482524972,2.2504935816863627,16.214305540354133
-4.425604670558799,0.5143609578040783,2.2340748285857845,16.117206116638116
-4.420475396163469,0.5153488256717804,2.2177631810964806,16.020556641382356
-4.41534612176814,0.5163468272902261,2.201558201165504,15.924355728785372
-4.41021684737281,0.5173548384262828,2.1854594515391628,15.828601995122163
-4.4050875729774805,0.518372735179071,2.169466495763038,15.73329405874437
-4.399958298582152,0.5194003939799607,2.1535788981819888,15.638430540080188
-4.394829024186822,0.520437691592568,2.137796223940133,15.544010061634312
-4.389699749791492,0.5214845051127617,2.1221180389808616,15.450031247988052
-4.384570475396163,0.5225407119686638,2.1065439100468413,15.356492725799287
-4.379441201000834,0.5236061899206398,2.0910734046799946,15.263393123802425
-4.374311926605504,0.5246808170613113,2.075706091221525,15.170731072808453
-4.369182652210175,0.5257644718155436,2.060441538811898,15.078505205704937
-4.364053377814845,0.5268570329404604,2.0452793173908574,14.986714157455966
-4.358924103419516,0.5279583795254299,2.0302189976974025,14.89535656510222
-4.353794829024187,0.5290683909920642,2.0152601512698127,14.804431067760952
-4.348665554628857,0.530186947094237,2.000402350445631,14.713936306625929
-4.343536280233527,0.5313139279180661,1.98564516836167,14.623870924967523
-4.3384070058381985,0.5324492138819243,1.9709881789540271,14.534233568132688
-4.333277731442869,0.5335926857364252,1.9564309569580403,14.445022883544866
-4.328148457047539,0.5347442245644409,1.9419730779083368,14.35623752070413
-4.32301918265221,0.5359037117810868,1.9276141181388124,14.26787613118709
-4.3178899082568805,0.5370710291337325,1.9133536547826206,14.1799373686469
-4.312760633861551,0.5382460587019973,1.8991912657721937,14.0924198888133
-4.307631359466222,0.5394286828977535,1.8851265298392346,14.00532234949262
-4.302502085070892,0.5406187844651124,1.871159026514706,13.918643410567672
-4.297372810675562,0.5418162464804459,1.8572883361288528,13.83238173399791
-4.292243536280234,0.5430209523523759,1.8435140398111782,13.746535983819317
-4.287114261884904,0.5442327858217647,1.829835719490454,13.661104826144417
-4.281984987489574,0.5454516309617372,1.8162529578947302,13.57608692916234
-4.276855713094245,0.5466773721776583,1.802765338551327,13.491480963138768
-4.2717264386989156,0.547909894207146,1.7893724457868099,13.407285600415895
-4.266597164303586,0.5491490821200709,1.776073864727055,13.323499515412562
-4.261467889908257,0.550394821318549,1.7628691812971677,13.240121384624105
-4.256338615512927,0.5516469975369521,1.7497579822215537,13.157149886622447
-4.2512093411175975,0.5529054968418976,1.73673985502386,13.074583702056072
-4.246080066722268,0.5541702056322525,1.7238143880270258,12.992421513650028
-4.240950792326939,0.5554410106391346,1.7109811703532454,12.91066200620593
-4.235821517931609,0.5567177989259122,1.6982397919239902,12.829303866601942
-4.23069224353628,0.5580004578882081,1.68558984346,12.748345783792807
-4.225562969140951,0.559288875253889,1.6730309164812758,12.667786448809803
-4.220433694745621,0.5605829390830668,1.6605626033070966,12.587624554760787
-4.215304420350291,0.5618825377681159,1.6481844970560044,12.507858796830195
-4.210175145954962,0.5631875600336566,1.635896191645832,12.428487872279028
-4.205045871559633,0.5644978949365529,1.6236972817936364,12.349510480444785
-4.199916597164303,0.5658134318659264,1.61158736301579,12.270925322741604
-4.194787322768974,0.567134060543142,1.5995660316279114,12.192731102660158
-4.189658048373644,0.5684596710218186,1.587632884744885,12.114926525767657
-4.184528773978315,0.5697901536878262,1.5757875202808775,12.037510299707911
-4.179399499582986,0.5711253992592807,1.5640295369493211,11.960481134201288
-4.174270225187656,0.572465298786555,1.5523585342629165,11.88383774104469
-4.169140950792326,0.573809743652263,1.5407741125336232,11.807578834111602
-4.164011676396997,0.575158625571271,1.5292758728726885,11.73170312935208
-4.158882402001668,0.5765118365907027,1.5178634171906125,11.656209344792721
-4.153753127606338,0.5778692690899206,1.5065363481971754,11.581096200536685
-4.148623853211009,0.5792308157805485,1.495294269401425,11.506362418763734
-4.143494578815679,0.5805963697064522,1.4841367851116705,11.432006723730124
-4.13836530442035,0.5819658242437472,1.4730635004354975,11.358027841768733
-4.133236030025021,0.5833390731008038,1.4620740212797627,11.28442450128899
-4.128106755629691,0.5847160103182418,1.4511679543505867,11.211195432776849
-4.122977481234361,0.5860965302689277,1.4403449071533598,11.138339368794876
-4.1178482068390325,0.587480527657975,1.4296044879927454,11.065855043982173
-4.112718932443703,0.5888678975227617,1.4189463059726803,10.993741195054406
-4.107589658048373,0.5902585352328956,1.4083699709963462,10.921996560803793
-4.102460383653044,0.5916523364902547,1.3978750937662319,10.850619882099167
-4.0973311092577145,0.5930491973289496,1.387461285784063,10.779609901885841
-4.092201834862385,0.5944490141153461,1.3771281593508435,10.708965365185737
-4.087072560467056,0.595851683548069,1.3668753275668701,10.638685019097373
-4.081943286071726,0.59725710265798,1.3567024043316613,10.568767612795742
-4.0768140116763965,0.5986651688082051,1.3466090043440517,10.499211897532486
-4.071684737281068,0.6000757796941031,1.3365947431021201,10.430016626635762
-4.066555462885738,0.6014888333432975,1.326659236903212,10.361180555510284
-4.061426188490408,0.6029042281156575,1.3168021028439671,10.292702441637378
-4.056296914095079,0.6043218627032966,1.307022958820267,10.22458104457488
-4.05116763969975,0.6057416361305841,1.2973214235272708,10.156815125957191
-4.04603836530442,0.6071634477541358,1.2876971164594102,10.089403449495318
-4.040909090909091,0.6085871972628262,1.2781496579103928,10.022344780976802
-4.035779816513761,0.6100127846777632,1.2686786689731715,9.955637888265716
-4.0306505421184315,0.6114401103523236,1.2592837715399974,9.889281541302754
-4.025521267723102,0.6128690749721195,1.2499645883023744,9.823274512105147
-4.020391993327773,0.614299579555021,1.2407207427510831,9.757615574766687
-4.015262718932443,0.615731525451145,1.2315518591761652,9.692303505457714
-4.010133444537114,0.6171648143428602,1.222457562666934,9.627337082425155
-4.005004170141785,0.6185993482447796,1.2134374791119733,9.562715085992474
-3.999874895746455,0.6200350295037794,1.2044912351991484,9.498436298559733
-3.9947456213511257,0.6214717607989697,1.1956184584155625,9.434499504603524
-3.9896163469557964,0.6229094451417236,1.1868187770476222,9.370903490677017
-3.9844870725604666,0.6243479858756541,1.1780918201809882,9.307647045409938
-3.9793577981651373,0.6257872866766312,1.1694372177005878,9.244728959508583
-3.974228523769808,0.6272272515527721,1.160854600290618,9.182148025755804
-3.9690992493744783,0.6286677848444454,1.152343599434548,9.119903039011003
-3.963969974979149,0.630108791224266,1.143903847415127,9.05799279621018
-3.9588407005838198,0.6315501756971031,1.1355349773143466,8.99641609636586
-3.95371142618849,0.6329918436000747,1.1272366230134923,8.935171740567146
-3.9485821517931607,0.6344337006025467,1.119008419193108,8.874258531979713
-3.9434528773978315,0.6358756527061387,1.110850001333016,8.813675275845789
-3.9383236030025017,0.637317606244716,1.1027610057122907,8.753420779484152
-3.9331943286071724,0.6387594678843977,1.0947410694092896,8.69349385229016
-3.928065054211843,0.6402011446235474,1.0867898303016323,8.633893305735729
-3.9229357798165134,0.6416425437927885,1.0789069270662195,8.574617953369337
-3.917806505421184,0.6430835730549842,1.0710919991792038,8.515666610816027
-3.912677231025855,0.6445241404052562,1.0633446869160224,8.457038095777396
-3.907547956630525,0.645964154170965,1.0556646313513711,8.398731228031604
-3.902418682235196,0.6474035230117345,1.0480514743592222,8.340744829433392
-3.897289407839866,0.6488421559194252,1.040504858612806,8.283077723914028
-3.892160133444537,0.6502799622181604,1.0330244275846419,8.225728737481388
-3.8870308590492075,0.6517168515643061,1.0256098255464985,8.16869669821987
-3.881901584653878,0.6531527339464792,1.018260697569429,8.111980436290454
-3.8767723102585485,0.6545875196855454,1.0109766895237378,8.055578783930676
-3.8716430358632192,0.6560211194346244,1.0037574480790177,7.999490575454649
-3.8665137614678895,0.6574534441790815,0.996602620704125,7.943714647253023
-3.86138448707256,0.6588844052365345,0.9895118556671734,7.8882498377930315
-3.8562552126772305,0.6603139142568488,0.9824848020355623,7.833094987618457
-3.851125938281901,0.6617418832221454,0.9755211096759495,7.778248939349658
-3.845996663886572,0.6631682244467888,0.9686204292542673,7.7237105376835435
-3.840867389491242,0.6645928505773981,0.9617824122357179,7.669478629393587
-3.835738115095913,0.6660156745928375,0.9550067108847673,7.615552063329832
-3.8306088407005836,0.6674366098042278,0.9482929782651559,7.561929690418882
-3.825479566305254,0.6688555698549323,0.9416408682398945,7.508610363663884
-3.8203502919099246,0.6702724687205716,0.935050035471251,7.45559293814458
-3.8152210175145953,0.6716872207090078,0.9285201354207766,7.402876271017249
-3.8100917431192656,0.6730997404603616,0.9220508243492864,7.350459221514736
-3.8049624687239363,0.6745099429470002,0.9156417593168693,7.298340650946468
-3.799833194328607,0.6759177434735423,0.9092925981828752,7.246519422698412
-3.7947039199332773,0.677323057676849,0.9030029996059239,7.194994402233096
-3.789574645537948,0.678725801526043,0.8967726230439128,7.1437644570896355
-3.7844453711426187,0.680125891322488,0.8906011287540052,7.092828456883688
-3.779316096747289,0.6815232436998016,0.8844881777926255,7.042185273307468
-3.7741868223519597,0.6829177756238513,0.8784334320154792,6.991833780129778
-3.7690575479566304,0.6843094043927546,0.8724365540775361,6.941772853195959
-3.7639282735613007,0.6856980476368766,0.866497207433027,6.892001370427911
-3.7587989991659714,0.687083623318837,0.8606150563354709,6.8425182118241334
-3.753669724770642,0.6884660497334981,0.8547897658376329,6.793322259459641
-3.7485404503753124,0.6898452455079815,0.8490210017915705,6.744412397486043
-3.743411175979983,0.6912211296016514,0.8433084308485925,6.695787512131497
-3.738281901584654,0.6925936213061238,0.837651720459287,6.6474464917007285
-3.733152627189324,0.6939626402452674,0.8320505388735029,6.599388226575018
-3.7280233527939948,0.6953281063751989,0.8265045551403702,6.551611609212226
-3.7228940783986655,0.6966899399842846,0.8210134391082815,6.504115534146751
-3.7177648040033358,0.6980480616931408,0.8155768614248884,6.4568988979895705
-3.7126355296080065,0.6994023924546348,0.8101944935371328,6.40996059942822
-3.707506255212677,0.7007528535538853,0.8048660076912117,6.3632995392268015
-3.7023769808173475,0.702099366608254,0.7995910769325925,6.316914620225965
-3.697247706422018,0.7034418535673616,0.7943693751060175,6.270804747342947
-3.692118432026689,0.704780236713073,0.7892005768554886,6.224968827571519
-3.686989157631359,0.7061144386595055,0.7840843576242882,6.179405769982036
-3.68185988323603,0.707444382353026,0.779020393654962,6.134114485721412
-3.6767306088407006,0.708769991072251,0.7740083619893234,6.08909388801311
-3.671601334445371,0.7100911884280454,0.7690479404684594,6.044342892157168
-3.6664720600500416,0.711407898363528,0.7641388077327238,5.999860415530184
-3.6613427856547123,0.7127200451540657,0.7592806432217418,5.955645377585324
-3.6562135112593825,0.7140275534072735,0.7544731271744032,5.911696699852297
-3.6510842368640533,0.7153303480630179,0.74971594062887,5.868013305937393
-3.6459549624687235,0.7166283543934149,0.7450087654225721,5.824594121523462
-3.6408256880733942,0.7179214980028332,0.7403512841922146,5.781438074369911
-3.635696413678065,0.7192097048278888,0.735743180373764,5.738544094312713
-3.6305671392827352,0.7204929011374464,0.731184138202458,5.695911113264396
-3.625437864887406,0.7217710135326225,0.726673842712807,5.653538065214059
-3.620308590492076,0.7230439689467851,0.7222119797385851,5.6114238862273655
-3.615179316096747,0.7243116946455508,0.7177982359128443,5.569567514446534
-3.6100500417014176,0.7255741182267839,0.7134322986678936,5.527967890090343
-3.604920767306088,0.7268311676206025,0.7091138562353263,5.486623955454148
-3.5997914929107586,0.7280827710893731,0.704842597645988,5.445534654909852
-3.5946622185154293,0.7293288572277112,0.7006182127300082,5.404698934905922
-3.5895329441200996,0.7305693549624843,0.6964403921167757,5.364115743967395
-3.5844036697247703,0.7318041935528059,0.6923088272349527,5.3237840326958645
-3.579274395329441,0.7330333025900444,0.6882232103124746,5.283702753769493
-3.5741451209341113,0.7342566119978158,0.6841832343765393,5.243870861942995
-3.569015846538782,0.7354740520319869,0.6801885932536154,5.204287314047654
-3.5638865721434527,0.7366855532806738,0.6762389815694443,5.164951068991325
-3.558757297748123,0.7378910466642439,0.6723340947490313,5.125861087758402
-3.5536280233527937,0.7390904634353077,0.6684736290166513,5.087016333409856
-3.5484987489574644,0.740283735178739,0.6646572813958611,5.048415771083231
-3.5433694745621347,0.7414707938116507,0.6608847497094672,5.01005836799261
-3.5382402001668054,0.7426515715834079,0.6571557325795594,4.971943093428657
-3.533110925771476,0.7438260010756266,0.6534699294274886,4.934068918758585
-3.5279816513761464,0.7449940152021752,0.64982704047388,4.8964348174261785
-3.522852376980817,0.7461555472091692,0.6462267667386301,4.859039764951789
-3.517723102585488,0.7473105306749734,0.6426688100408944,4.821882738932315
-3.512593828190158,0.7484588995102057,0.6391528729991078,4.784962719041225
-3.507464553794829,0.7496005879577303,0.6356786590309709,4.748278687028554
-3.5023352793994995,0.750735530592662,0.6322458723534514,4.711829626720892
-3.49720600500417,0.7518636623223731,0.6288542179827927,4.6756145240214
-3.4920767306088405,0.7529849183864712,0.625503401734498,4.639632366909792
-3.486947456213511,0.7540992343568296,0.6221931302233497,4.6038821454423555
-3.4818181818181815,0.7552065461375599,0.6189231108633904,4.568362851751926
-3.476688907422852,0.7563067899650278,0.6156930518679355,4.533073480047915
-3.471559633027523,0.7573999024078542,0.6125026622495786,4.498013026616294
-3.466430358632193,0.7584858203668996,0.6093516518201632,4.463180489819581
-3.461301084236864,0.7595644810752804,0.6062397311908185,4.428574870096878
-3.4561718098415346,0.760635822098366,0.6031666117719381,4.394195169963844
-3.451042535446205,0.7616997813337716,0.6001320057731834,4.360040394012689
-3.4459132610508756,0.7627562970113602,0.5971356262034839,4.326109548912195
-3.4407839866555463,0.7638053076932492,0.5941771868710413,4.292401643407704
-3.4356547122602166,0.7648467522738045,0.591256402383326,4.258915688321123
-3.430525437864887,0.7658805699796415,0.5883729881470767,4.225650696550918
-3.425396163469558,0.7669067003696268,0.585526660368304,4.192605683072127
-3.4202668890742283,0.7679250833348767,0.5827171360522825,4.159779664936327
-3.4151376146788985,0.7689356590987543,0.5799441330035573,4.127171661271678
-3.4100083402835697,0.7699383682168794,0.5772073698259543,4.094780693282913
-3.40487906588824,0.7709331515771125,0.5745065659225448,4.062605784251283
-3.3997497914929102,0.7719199503995761,0.5718414414956952,4.030645959534653
-3.3946205170975814,0.7728987062366293,0.5692117175470242,3.998900246567421
-3.3894912427022517,0.7738693609728906,0.5666171158774227,3.9673676748605415
-3.384361968306922,0.7748318568252271,0.5640573590870586,3.936047276001561
-3.379232693911593,0.7757861363427501,0.5615321705753562,3.9049380836545584
-3.3741034195162634,0.7767321424068308,0.559041274541026,3.8740391335601974
-3.3689741451209336,0.7776698182310807,0.556584395982026,3.843349463535679
-3.3638448707256043,0.7785991073613675,0.5541612606956083,3.812868113474801
-3.358715596330275,0.7795199536758073,0.5517715952782749,3.7825941253478974
-3.3535863219349453,0.7804323013847628,0.5494151271258001,3.752526543201862
-3.348457047539616,0.7813360950308511,0.5470915844332351,3.7226644131601683
-3.3433277731442868,0.7822312794889381,0.544800696194897,3.693006783422846
-3.338198498748957,0.78311779996614,0.5425421922043683,3.6635527042664817
-3.3330692243536277,0.7839956020018216,0.5403158030545083,3.6343012280442357
-3.3279399499582984,0.7848646314675976,0.5381212601374352,3.6052514091858128
-3.3228106755629687,0.7857248345673337,0.5359582956445443,3.576402304197497
-3.3176814011676394,0.7865761578371456,0.5338266425664993,3.5477529716621277
-3.31255212677231,0.787418548145399,0.5317260346932309,3.5193024722391044
-3.3074228523769804,0.7882519526927113,0.5296562066139416,3.491049868664396
-3.302293577981651,0.7890763190119431,0.5276168937170984,3.462994225750526
-3.297164303586322,0.7898915949682124,0.5256078321904427,3.4351346103865894
-3.292035029190992,0.7906977287588864,0.5236287590209825,3.4074700915382317
-3.286905754795663,0.791494668913577,0.5216794119949946,3.3799997402476736
-3.2817764804003335,0.7922823642941528,0.5197595296980304,3.352722629633692
-3.276647206005004,0.7930607640947259,0.5178688515149008,3.3256378348916167
-3.2715179316096745,0.7938298178416651,0.5160071176296952,3.2987444332933604
-3.2663886572143452,0.7945894753935834,0.514174069025767,3.2720415041873845
-3.2612593828190155,0.7953396869413473,0.5123694474857416,3.2455281289987137
-3.256130108423686,0.7960804030080694,0.5105929955915083,3.219203391228934
-3.251000834028357,0.796811574449118,0.5088444567242332,3.193066376456203
-3.245871559633027,0.7975331524521071,0.5071235750643479,3.1671161723352306
-3.240742285237698,0.7982450885369013,0.5054300955915494,3.1413518685972885
-3.2356130108423686,0.798947334555618,0.5037637640848145,3.1157725570502284
-3.230483736447039,0.7996398426926193,0.5021243271223759,3.0903773315784364
-3.2253544620517096,0.8003225654645222,0.5005115320817493,3.065165288142885
-3.2202251876563803,0.8009954557201913,0.4989251271397055,3.040135524781097
-3.2150959132610506,0.8016584666407424,0.49736486127229795,3.0152871416071596
-3.2099666388657213,0.802311551739541,0.49583048425484144,2.9906192408117276
-3.204837364470392,0.8029546648622006,0.4943217466619195,2.9661309266620104
-3.1997080900750623,0.8035877601865865,0.49283839986738565,2.941821305501779
-3.1945788156797326,0.8042107922228159,0.49138019604437,2.9176894857513793
-3.1894495412844037,0.8048237158132512,0.4899468881652601,2.8937345779077077
-3.184320266889074,0.8054264861325097,0.48853823000172447,2.8699556945442257
-3.1791909924937443,0.8060190586874538,0.48715397612468714,2.8463519503109573
-3.1740617180984154,0.806601389317199,0.4857938819043546,2.822922461934493
-3.1689324437030857,0.8071734341931133,0.484457703510199,2.7996663482179813
-3.163803169307756,0.8077351498188083,0.48314519791095434,2.7765827300411297
-3.158673894912427,0.8082864930301503,0.48185612287463275,2.7536707303602244
-3.1535446205170974,0.808827420995255,0.480590236968511,2.7309294742080885
-3.1484153461217677,0.8093578912144854,0.47934729955913835,2.708358088694127
-3.143286071726439,0.8098778615204574,0.47812707081232964,2.685955703004305
-3.138156797331109,0.8103872900780361,0.4769293116931699,2.6637214484011422
-3.1330275229357794,0.8108861353843364,0.4757537839660182,2.6416544582237242
-3.12789824854045,0.8113743562687237,0.47460025019449414,2.619753867887704
-3.122768974145121,0.8118519118928104,0.4734684737414938,2.5980188148852896
-3.117639699749791,0.8123187617504641,0.4723582187691798,2.5764484387852544
-3.1125104253544618,0.8127748656677982,0.4712692502389816,2.5550418812329365
-3.1073811509591325,0.8132201838031775,0.47020133391160523,2.5337982859502355
-3.1022518765638027,0.813654676647217,0.46915423634701614,2.512716798735607
-3.0971226021684735,0.8140783050227822,0.4681277249044574,2.491796567464081
-3.091993327773144,0.814491030084986,0.4671215677424353,2.471036742087237
-3.0868640533778144,0.8148928133211941,0.46613553381872874,2.4504364746332223
-3.081734778982485,0.8152836165510222,0.46516939289038883,2.4299949192067514
-3.076605504587156,0.8156634019263339,0.4642229155137274,2.409711231989101
-3.071476230191826,0.8160321319312431,0.4632958730443315,2.389584571238094
-3.066346955796497,0.8163897693821165,0.4623880376370588,2.3696140972881405
-3.0612176814011676,0.8167362774275674,0.4614991822460319,2.349798972550195
-3.056088407005838,0.8170716195484597,0.4606290806246417,2.330138361511777
-3.0509591326105086,0.81739575955791,0.45977750732555467,2.3106314307369757
-3.0458298582151793,0.8177086616012817,0.45894423770070525,2.2912773488664393
-3.0407005838198495,0.8180102901561888,0.45812904790128794,2.2720752866173712
-3.0355713094245202,0.8183006100324968,0.4573317148777777,2.253024416783549
-3.030442035029191,0.8185795863723203,0.4565520163799134,2.2341239142353055
-3.0253127606338612,0.818847184650024,0.45578973095670583,2.2153729559195368
-3.020183486238532,0.8191033706722213,0.455044637956429,2.1967707208597025
-3.0150542118432027,0.8193481105777761,0.4543165175266337,2.1783163901558242
-3.009924937447873,0.8195813708378055,0.45360515061413786,2.160009146984485
-3.0047956630525436,0.8198031182556724,0.45291031896502343,2.141848176598833
-2.9996663886572144,0.8200133199669898,0.45223180512464833,2.123832666328573
-2.9945371142618846,0.8202119434396256,0.4515693924376375,2.1059618055799803
-2.9894078398665553,0.8203989564736912,0.45092286504788304,2.0882347858358887
-2.984278565471226,0.8205743272015519,0.4502920078985503,2.070650800655694
-2.9791492910758963,0.820738024087823,0.449676606732067,2.0532090456753473
-2.974020016680567,0.8208900159293674,0.44907644809013914,2.0359087186073817
-2.9688907422852377,0.8210302718552996,0.44849131931373554,2.018749019240869
-2.963761467889908,0.8211587613269851,0.4479210085430956,2.00172914944146
-2.9586321934945787,0.8212754541380373,0.4473653047177304,1.9848483131513632
-2.9535029190992494,0.821380320414321,0.4468239975764159,1.9681057163893487
-2.9483736447039197,0.821473330613949,0.44629687765720105,1.9515005672507466
-2.94324437030859,0.8215544555272877,0.44578373629740276,1.935032075907452
-2.938115095913261,0.8216236662769508,0.4452843656336083,1.9186994546079283
-2.9329858215179314,0.8216809343178015,0.4447985586016704,1.9025019176771885
-2.9278565471226017,0.8217262314369543,0.4443261089367152,1.8864386815168181
-2.922727272727273,0.8217595297537731,0.4438668111731353,1.8705089646049626
-2.917597998331943,0.8217808017198749,0.4434204606445975,1.854711987496327
-2.9124687239366134,0.8217900201191192,0.4429868534840289,1.8390469728221785
-2.9073394495412845,0.8217871580676238,0.4425657866236349,1.8235131452903568
-2.902210175145955,0.8217721890137506,0.44215705779488323,1.8081097316852466
-2.897080900750625,0.821745086738115,0.44176046552851733,1.792835960867813
-2.891951626355296,0.82170582535358,0.4413758091545438,1.7776910637755707
-2.8868223519599665,0.8216543793052615,0.4410028888022425,1.762674273422602
-2.8816930775646368,0.8215907233705227,0.440641505400161,1.7477848248995502
-2.8765638031693075,0.8215148326589772,0.4402914606761167,1.7330219553736235
-2.871434528773978,0.8214266826124881,0.43995255715719306,1.7183849040885866
-2.8663052543786485,0.8213262490051717,0.43962459816974997,1.7038729123647745
-2.861175979983319,0.8212135079433898,0.4393073878394078,1.6894852235990794
-2.85604670558799,0.8210884358657591,0.43900073109106463,1.6752210832649577
-2.85091743119266,0.8209510095431406,0.43870443364888034,1.661079738912425
-2.845788156797331,0.8208012060786491,0.4384183020362895,1.647060440168066
-2.8406588824020016,0.82063900290765,0.438142143575992,1.6331624387350203
-2.835529608006672,0.8204643777977557,0.4378757663899614,1.619384988392997
-2.8304003336113426,0.82027730884883,0.4376189793994335,1.6057273449982585
-2.8252710592160133,0.8200777744929877,0.43737159232492184,1.5921887664836407
-2.8201417848206836,0.8198657534945918,0.4371334156862018,1.5787685128585314
-2.8150125104253543,0.8196412249502567,0.4369042608023247,1.56546584620889
-2.809883236030025,0.819404168288846,0.43668393979160547,1.5522800306972302
-2.8047539616346953,0.8191545632714746,0.43647226557163,1.539210332562634
-2.799624687239366,0.8188923899915042,0.43626905185925624,1.5262560201207445
-2.7944954128440367,0.8186176288745499,0.43607411317060607,1.5134163637637639
-2.789366138448707,0.818330260678476,0.43588726482107487,1.5006906359604604
-2.7842368640533777,0.8180302664933943,0.4357083229253269,1.4880781112561638
-2.7791075896580484,0.8177176277416702,0.43553710439729243,1.4755780662727638
-2.7739783152627187,0.817392326177918,0.43537342695017667,1.4631897797087179
-2.7688490408673894,0.8170543438889981,0.43521710909644595,1.4509125323390395
-2.76371976647206,0.8167036632940285,0.4350679701478456,1.4387456070153113
-2.7585904920767303,0.816340267144369,0.43492583021538156,1.42668828866567
-2.753461217681401,0.815964138523636,0.43479051020933357,1.414739864294824
-2.7483319432860718,0.8155752608476925,0.43466183183925,1.4028996229840374
-2.743202668890742,0.8151736178646506,0.43453961761394666,1.3911668558911359
-2.7380733944954128,0.8147591936548761,0.43442369084151244,1.3795408562505165
-2.7329441201000835,0.8143319726309801,0.43431387562930057,1.3680209193731279
-2.7278148457047537,0.8138919395378287,0.43420999688393824,1.3566063426464878
-2.7226855713094245,0.8134390794525337,0.43411188031131676,1.3452964255346742
-2.717556296914095,0.8129733777844601,0.4340193524166027,1.334090469578328
-2.7124270225187654,0.8124948202752199,0.4339322405042273,1.3229877783946513
-2.7072977481234357,0.8120033929986771,0.4338503726778915,1.3119876576774088
-2.702168473728107,0.8114990823609458,0.43377357784056747,1.3010894151969308
-2.697039199332777,0.8109818751003884,0.4337016856944962,1.290292360800105
-2.6919099249374474,0.8104517582876195,0.4336345267411861,1.2795958064103865
-2.6867806505421186,0.8099087193255017,0.43357193228141555,1.2689990660277877
-2.681651376146789,0.8093527459491484,0.4335137344152342,1.2585014557288847
-2.676522101751459,0.808783826225924,0.43345976604195957,1.2481022936668227
-2.6713928273561303,0.8082019485554404,0.43340986086017597,1.2378009000713006
-2.6662635529608005,0.807607101669562,0.4333638533677412,1.2275965972485818
-2.661134278565471,0.8069992746324014,0.4333215788617787,1.217488709581493
-2.6560050041701415,0.8063784568403228,0.43328287343868477,1.2074765635294271
-2.6508757297748122,0.8057446380219386,0.4332475739941203,1.1975594876283324
-2.6457464553794825,0.8050978082381137,0.43321551822302196,1.1877368124907264
-2.640617180984153,0.804437957881959,0.4331865446195875,1.1780078708056811
-2.635487906588824,0.8037650776788402,0.43316049247729094,1.16837199733884
-2.630358632193494,0.8030791586863689,0.4331372018888717,1.1588285289324012
-2.625229357798165,0.8023801922944086,0.4331165137463391,1.14937680450513
-2.6201000834028356,0.8016681702250731,0.4330982697409733,1.1400161650523524
-2.614970809007506,0.8009430845327253,0.43308231236332173,1.130745953645957
-2.6098415346121766,0.8002049276039775,0.4330684849032015,1.1215655154343918
-2.6047122602168473,0.7994536921576948,0.43305663144969986,1.1124741976426749
-2.5995829858215176,0.7986893712449891,0.4330465968911732,1.1034713495723794
-2.5944537114261883,0.7979119582492228,0.43303822691524585,1.0945563226016437
-2.589324437030859,0.7971214468860106,0.43303136800881215,1.0857284701851686
-2.5841951626355293,0.7963178312032145,0.4330258674580352,1.076987147854215
-2.5790658882402,0.7955011055809477,0.43302157334834845,1.068331713216611
-2.5739366138448707,0.7946712647315741,0.43301833456445604,1.0597615259567443
-2.568807339449541,0.7938283036997061,0.43301600079032665,1.0512759478355629
-2.5636780650542117,0.7929722178622071,0.4330144225092014,1.0428743426905809
-2.5585487906588824,0.792103002928189,0.4330134510035901,1.0345560764358712
-2.5534195162635527,0.7912206549390159,0.43301293835527266,1.0263205170620724
-2.5482902418682234,0.7903251702683008,0.4330127374452971,1.0181670346363874
-2.543160967472894,0.7894165456219068,0.43301270195398034,1.0100950013025725
-2.5380316930775644,0.7884947780379453,0.4330126863609083,1.002103791280954
-2.532902418682235,0.7875598648867814,0.4330125459449401,0.9941927808684212
-2.527773144286906,0.7866118038710262,0.43301213678419737,0.9863613484384217
-2.522643869891576,0.7856505930255439,0.43301131575607776,0.9786088744409662
-2.517514595496247,0.784676230717447,0.4330099405372436,0.9709347414026317
-2.5123853211009175,0.7836887156460978,0.4330078696036268,0.9633383339265511
-2.5072560467055878,0.7826880468431101,0.4330049622304316,0.9558190386924239
-2.5021267723102585,0.7816742236723464,0.43300107849212843,0.9483762444565149
-2.4969974979149288,0.7806472458299188,0.432996079262458,0.941009342051643
-2.4918682235195995,0.7796071133441904,0.4329898262144293,0.933717724387197
-2.48673894912427,0.7785538265757747,0.43298218182032333,0.9265007864491246
-2.4816096747289405,0.7774873862175342,0.43297300935168725,0.9193579252999371
-2.476480400333611,0.776407793294581,0.4329621728793396,0.9122885400787077
-2.471351125938282,0.7753150491642786,0.4329495372733674,0.905292032001072
-2.466221851542952,0.7742091555162396,0.43293496820312516,0.8983678043592274
-2.461092577147623,0.7730901143723263,0.4329183321372403,0.891515262521934
-2.4559633027522936,0.7719579280866521,0.4328994963436057,0.8847338139345171
-2.450834028356964,0.7708125993455783,0.4328783288893855,0.8780228681188575
-2.4457047539616346,0.7696541311677187,0.4328546986410132,0.871381836673407
-2.4405754795663053,0.7684825269039363,0.4328284752641923,0.8648101332731739
-2.4354462051709755,0.7672977902373423,0.4327995292238921,0.8583071736697316
-2.4303169307756463,0.766099925183301,0.43276773178435557,0.8518723756912134
-2.425187656380317,0.7648889360894242,0.43273295500909137,0.8455051592423184
-2.4200583819849872,0.7636648276355732,0.43269507176087796,0.8392049463043032
-2.414929107589658,0.7624276048338621,0.4326539557017661,0.8329711609349926
-2.4097998331943287,0.7611772730286536,0.4326094812930721,0.826803229268769
-2.404670558798999,0.7599138378965601,0.43256152379538415,0.8207005795165825
-2.3995412844036696,0.7586373054464426,0.4325099592685573,0.8146626419659384
-2.3944120100083404,0.757347682019415,0.43245466457171733,0.8086888489809103
-2.3892827356130106,0.7560449742888399,0.43239551736325843,0.8027786350021311
-2.3841534612176813,0.7547291892603292,0.43233239610084573,0.7969314365467985
-2.3790241868223516,0.7534003342717451,0.4322651800414121,0.7911466922086707
-2.3738949124270223,0.7520584169932006,0.43219374924115905,0.7854238426580686
-2.368765638031693,0.7507034454270582,0.4321179845555595,0.7797623306418764
-2.3636363636363633,0.7493354279079295,0.4320377676393541,0.7741616009835388
-2.358507089241034,0.747954373102678,0.4319529809465519,0.7686211005830657
-2.3533778148457047,0.7465602900104149,0.4318635077304338,0.7631402784170271
-2.348248540450375,0.7451531879625032,0.4317692320435472,0.7577185855385564
-2.3431192660550457,0.743733076622555,0.4316700387377109,0.7523554750773489
-2.3379899916597164,0.7422999659864331,0.4315658134640117,0.7470504022396631
-2.3328607172643867,0.7408538663822493,0.4314564426728066,0.7418028243083192
-2.3277314428690574,0.7393947884703658,0.43134181361371937,0.7366122006426992
-2.322602168473728,0.737922743243395,0.431221814335646,0.731477992678748
-2.3174728940783984,0.7364377420261993,0.43109633368675104,0.7263996639289751
-2.312343619683069,0.7349397964758906,0.430965261314467,0.7213766799824486
-2.30721434528774,0.7334289185818319,0.4308284876654971,0.7164085085048018
-2.30208507089241,0.7319051206656342,0.4306859039858122,0.7114946192382288
-2.296955796497081,0.7303684153811603,0.4305374023206541,0.7066344840014873
-2.2918265221017515,0.7288188157145226,0.4303828755145329,0.7018275766898965
-2.286697247706422,0.7272563349840833,0.43022221721122833,0.6970733732753382
-2.2815679733110925,0.7256809868404538,0.4300553218537885,0.6923713518062573
-2.2764386989157632,0.7240927852664962,0.4298820846845318,0.6877209924076593
-2.2713094245204335,0.7224917445773238,0.4297024017450458,0.6831217772811153
-2.266180150125104,0.7208778794202974,0.42951616987618546,0.6785731907047545
-2.2610508757297745,0.7192512047750304,0.42932328671807896,0.6740747190332732
-2.255921601334445,0.7176117359533835,0.42912365071011926,0.6696258506979262
-2.250792326939116,0.7159594885994688,0.4289171610909708,0.6652260762065316
-2.245663052543786,0.7142944786896488,0.42870371789856754,0.6608748881434721
-2.240533778148457,0.7126167225325359,0.42848322197011224,0.6565717811696907
-2.2354045037531276,0.7109262367689919,0.42825557494207667,0.652316252022693
-2.230275229357798,0.7092230383721274,0.42802067925020115,0.648107799516547
-2.2251459549624686,0.7075071446473066,0.42777843812949723,0.6439459245418839
-2.2200166805671393,0.70577857323214,0.4275287556142443,0.6398301300658977
-2.2148874061718096,0.7040373420964892,0.4272715365379899,0.635759921132341
-2.2097581317764803,0.7022834695424679,0.4270066865335548,0.6317348048615359
-2.204628857381151,0.7005169742044357,0.42673411203302314,0.6277542904503586
-2.1994995829858213,0.6987378750490052,0.4264537202677534,0.6238178891722532
-2.194370308590492,0.6969461913750393,0.42616541926837126,0.6199251143772262
-2.1892410341951627,0.6951419428136493,0.4258691178647718,0.6160754814918439
-2.184111759799833,0.6933251493281967,0.4255647256861188,0.612268508019236
-2.1789824854045037,0.6914958312142929,0.42525215316084597,0.6085037135390947
-2.1738532110091744,0.6896540090998007,0.424931311516656,0.604780619707675
-2.1687239366138447,0.6877997039448307,0.4246021127805214,0.6010987502577938
-2.1635946622185154,0.685932937041746,0.4242644697786827,0.5974576309988309
-2.158465387823186,0.684053730015158,0.4239182961366518,0.5938567898167284
-2.1533361134278564,0.6821621048219275,0.4235635062792067,0.5902957566739897
-2.148206839032527,0.6802580837511667,0.42320001543039665,0.5867740636096812
-2.1430775646371973,0.6783416894242373,0.4228277396135409,0.5832912447394332
-2.137948290241868,0.6764129447947516,0.422446595651226,0.579846836255437
-2.1328190158465388,0.6744718731485703,0.422056501165309,0.576440376426445
-2.127689741451209,0.6725184981038054,0.4216573745769162,0.573071405597775
-2.1225604670558798,0.6705528436108183,0.42124913510644146,0.5697394661913042
-2.1174311926605505,0.6685749339522211,0.4208317027735504,0.5664441027054754
-2.1123019182652207,0.6665847937428749,0.4204049983971758,0.5631848617152899
-2.1071726438698914,0.6645824479298919,0.41996894359552217,0.5599612918723162
-2.102043369474562,0.6625679217926328,0.4195234607860595,0.5567729439046798
-2.0969140950792324,0.6605412409427096,0.4190684731855302,0.5536193706170724
-2.091784820683903,0.6585024313239842,0.4186039048099456,0.5505001268907488
-2.086655546288574,0.6564515192125673,0.41812968047458354,0.5474147696835212
-2.081526271893244,0.654388531216821,0.41764572579399517,0.5443628580297695
-2.076396997497915,0.6523134942773561,0.41715196718199754,0.5413439530404334
-2.0712677231025856,0.6502264356670346,0.4166483318516786,0.5383576179030145
-2.066138448707256,0.6481273829909678,0.41613474781539517,0.5354034178815796
-2.0610091743119265,0.6460163641865178,0.4156111438847737,0.532480920316756
-2.0558798999165973,0.6438934075232949,0.41507744967070836,0.5295896946257317
-2.0507506255212675,0.6417585416031611,0.414533595583365,0.5267293123022605
-2.0456213511259382,0.6396117953602272,0.4139795128321764,0.5238993469166562
-2.040492076730609,0.6374531980608555,0.4134151334258457,0.5210993741157961
-2.035362802335279,0.6352827793036565,0.41284039017234553,0.5183289716231192
-2.03023352793995,0.6331005690194917,0.41225521667891685,0.515587719238628
-2.02510425354462,0.6309065974714725,0.4116595473520709,0.5128751988388858
-2.019974979149291,0.6287008952549602,0.4110533173975869,0.5101909943770195
-2.0148457047539616,0.626483493297566,0.4104364628205147,0.5075346918827186
-2.009716430358632,0.624254422859152,0.40980892042517325,0.5049058794622348
-2.0045871559633026,0.6220137155318278,0.40917062781514835,0.5023041472983798
-1.9994578815679733,0.6197614032399563,0.40852152339329917,0.4997290876505325
-1.9943286071726436,0.6174975182401474,0.40786154636174987,0.4971802948546291
-1.9891993327773143,0.6152220931212627,0.4071906367218968,0.4946573653231716
-1.984070058381985,0.6129351608044136,0.40650873527440523,0.4921598975452237
-1.9789407839866553,0.610636754542961,0.40581578361920745,0.48968749208641005
-1.973811509591326,0.6083269079225166,0.4051117241555081,0.4872397515889202
-1.9686822351959967,0.6060056548609407,0.4043965000817781,0.4848162807715033
-1.963552960800667,0.6036730296083448,0.40367005539575973,0.482416686429473
-1.9584236864053377,0.6013290667470902,0.40293233489446434,0.4800405774347052
-1.9532944120100084,0.5989738011917876,0.4021832841741714,0.47768756473563667
-1.9481651376146787,0.5966072681892982,0.4014228496304304,0.47535726135726786
-1.9430358632193494,0.5942295033187329,0.4006509784580594,0.4730492824011612
-1.9379065888240201,0.591840542491453,0.3998676186511466,0.47076324504544176
-1.9327773144286904,0.5894404219510696,0.3990727190030491,0.468498768544797
-1.927648040033361,0.5870291782734433,0.39826622910639287,0.46625547423047653
-1.9225187656380318,0.5846068483666853,0.39744809935307357,0.4640329855102925
-1.917389491242702,0.5821734694711567,0.3966182809342561,0.46183092786861923
-1.9122602168473728,0.5797290791594677,0.39577672584037393,0.4596489288663934
-1.907130942452043,0.57727371533648,0.3949233868611307,0.457486618141115
-1.9020016680567138,0.5748074162393042,0.39405821758549886,0.4553436274068452
-1.8968723936613845,0.5723302204373019,0.39318117240172024,0.4532195904542089
-1.8917431192660548,0.5698421668320827,0.3922922064973048,0.4511141431503911
-1.8866138448707255,0.5673432946575083,0.3913912758590343,0.44902692343914263
-1.8814845704753962,0.5648336434796896,0.39047833727295644,0.44695757134077296
-1.8763552960800665,0.5623132531969868,0.38955334832439115,0.44490572895215674
-1.8712260216847372,0.5597821640400114,0.3886162673979259,0.4428710404467302
-1.8660967472894079,0.5572404165716237,0.3876670536774177,0.44085315207449116
-1.8609674728940782,0.5546880516869345,0.38670566714599286,0.4388517121620008
-1.8558381984987489,0.5521251106133052,0.38573206858604736,0.4368663711123828
-1.8507089241034196,0.5495516349103456,0.38474621957924593,0.4348967814053224
-1.8455796497080899,0.5469676664699172,0.38374808250652237,0.43294259759706777
-1.8404503753127606,0.5443732475161305,0.38273762054808036,0.43100347632042957
-1.8353211009174313,0.5417684206053458,0.38171479768339234,0.42907907628478026
-1.8301918265221016,0.5391532286261739,0.3806795786911994,0.4271690582760548
-1.8250625521267723,0.5365277147994763,0.3796319291495138,0.4252730851567521
-1.819933277731443,0.5338919226783627,0.37857181543561547,0.42339082186593147
-1.8148040033361132,0.531245896148194,0.37749920472605347,0.42152193541921523
-1.809674728940784,0.5285896794265807,0.37641406499664687,0.41966609490878826
-1.8045454545454547,0.5259233170633837,0.37531636502248344,0.41782297150339787
-1.799416180150125,0.5232468539407132,0.37420607437792086,0.4159922384483541
-1.7942869057547957,0.5205603352729302,0.3730831634365849,0.4141735710655283
-1.789157631359466,0.517863806606645,0.3719476033713722,0.41236664675335577
-1.7840283569641366,0.5151573138207179,0.37079936615444686,0.4105711449868321
-1.7788990825688074,0.51244090312626,0.3696384245572437,0.40878674731751774
-1.7737698081734776,0.5097146210666311,0.36846475215046576,0.40701313737353395
-1.7686405337781483,0.5069785145174424,0.36727832330408583,0.40525000085956453
-1.763511259382819,0.5042326306865537,0.3660791131873459,0.40349702555685596
-1.7583819849874893,0.5014770171140758,0.3648670977687568,0.401753901323217
-1.75325271059216,0.4987117216723693,0.3636422538160998,0.40002032009301947
-1.7481234361968307,0.4959367925660442,0.36240455889642326,0.398295975877196
-1.742994161801501,0.49315227833196107,0.3611539913760471,0.39658056476324344
-1.7378648874061717,0.49035822783923066,0.35989053042055913,0.39487378491521996
-1.7327356130108424,0.48755469028921267,0.3586141559948165,0.39317533657374626
-1.7276063386155127,0.48474171521551757,0.35732484886294547,0.39148492205600505
-1.7224770642201834,0.4819193524840064,0.356022590588343,0.3898022457557433
-1.7173477898248541,0.4790876522927889,0.35470736353367327,0.388127014143268
-1.7122185154295244,0.4762466651722248,0.35337915086087035,0.3864589357654491
-1.7070892410341951,0.4733964419849259,0.3520379365311387,0.38479772124572076
-1.7019599666388658,0.47053703392575125,0.3506837053049505,0.3831430832840772
-1.696830692243536,0.4676684925218111,0.3493164427420476,0.3814947366570758
-1.6917014178482068,0.4647908696324663,0.3479361352014419,0.37985239821783723
-1.6865721434528775,0.4619042174493269,0.3465427698414134,0.37821578689604385
-1.6814428690575478,0.4590085884962528,0.34513633461951215,0.3765846236979401
-1.6763135946622185,0.45610403562935453,0.3437168182925568,0.3749586317063329
-1.6711843202668888,0.4531906120369918,0.3422842104166357,0.3733375360805926
-1.6660550458715595,0.45026837123977537,0.3408385013471063,0.3717210640566504
-1.6609257714762302,0.44733736709056526,0.33937968223859594,0.37010894494700164
-1.6557964970809005,0.44439765377447077,0.3379077450449993,0.3685009101407015
-1.6506672226855712,0.441449285808853,0.33642268251948243,0.3668966931033707
-1.645537948290242,0.4384923180433218,0.3349244882144796,0.3652960293771904
-1.6404086738949122,0.4355268056597367,0.3334131564816943,0.36369865658090383
-1.635279399499583,0.4325528041722084,0.33188868247209957,0.36210431440981805
-1.6301501251042536,0.42957036942709703,0.33035106213593785,0.36051274463580196
-1.6250208507089239,0.42657955760301175,0.32880029222271995,0.35892369110728606
-1.6198915763135946,0.4235804252108134,0.3272363702812269,0.3573368997492643
-1.6147623019182653,0.4205730290936118,0.32565929465950827,0.3557521185632926
-1.6096330275229356,0.41755742642676613,0.3240690645048828,0.35416909762748894
-1.6045037531276063,0.4145336747178874,0.32246567976393936,0.3525875890965341
-1.599374478732277,0.4115018318068353,0.32084914118253605,0.35100734720167215
-1.5942452043369473,0.40846195586571915,0.3192194503057984,0.34942812825070735
-1.589115929941618,0.40541410539889966,0.3175766094781235,0.3478496906280085
-1.5839866555462887,0.40235833924298614,0.315920621843176,0.3462717947945052
-1.578857381150959,0.3992947165668385,0.3142514913438905,0.34469420328769074
-1.5737281067556297,0.3962232968715671,0.3125692227224714,0.3431166807216204
-1.5685988323603004,0.39314413999053155,0.3108738215203913,0.3415389937869112
-1.5634695579649707,0.3900573060893409,0.3091652940783918,0.3399609112507428
-1.5583402835696414,0.3869628556658562,0.3074436475364856,0.33838220395685836
-1.5532110091743117,0.3838608495501863,0.30570888983395245,0.336802644825562
-1.5480817347789824,0.3807513489046915,0.30396102970934247,0.3352220088537208
-1.542952460383653,0.37763441522398167,0.3022000767004757,0.33364007311476496
-1.5378231859883233,0.37451011033491577,0.3004260411444393,0.33205661675868514
-1.532693911592994,0.3713784963966043,0.298638934177592,0.33047142101203686
-1.5275646371976648,0.36823963590040676,0.2968387677355602,0.3288842691779361
-1.522435362802335,0.3650935916699324,0.2950255545532402,0.32729494663606196
-1.5173060884070058,0.3619404268610414,0.2931993081647972,0.3257032408426561
-1.5121768140116765,0.3587802049618435,0.29136004290366624,0.3241089413305227
-1.5070475396163467,0.35561298979269773,0.28950777390255056,0.3225118397090274
-1.5019182652210175,0.35243884550621446,0.287642517093424,0.3209117296640993
-1.4967889908256882,0.34925783658725273,0.28576428920752867,0.3193084069582294
-1.4916597164303584,0.3460700278529223,0.28387310777537594,0.3177016694304712
-1.4865304420350292,0.34287548445258303,0.28196899112674695,0.31609131699644044
-1.4814011676396999,0.33967427186784427,0.28005195839069147,0.3144771516483156
-1.4762718932443701,0.3364664559125651,0.27812202949552883,0.3128589774548368
-1.4711426188490409,0.3332521027328556,0.27617922516884774,0.31123660056130775
-1.4660133444537116,0.3300312788070754,0.2742235669375062,0.30960982918959357
-1.4608840700583818,0.3268040509458334,0.27225507712763086,0.30797847363812225
-1.4557547956630525,0.32357048629198953,0.27027377886461795,0.30634234628188384
-1.4506255212677233,0.3203306523206534,0.26827969607313357,0.3047012615724314
-1.4454962468723935,0.31708461683918365,0.26627285347711166,0.3030550360378792
-1.4403669724770642,0.31383244798719084,0.26425327659975706,0.30140348828290575
-1.4352376980817345,0.31057421423653336,0.2622209917635422,0.29974643898874986
-1.4301084236864052,0.3073099843913212,0.26017602609020984,0.2980837109132143
-1.424979149291076,0.30403982758791365,0.2581184075007719,0.29641512889066357
-1.4198498748957462,0.3007638132949196,0.2560481647155091,0.29474051983202476
-1.414720600500417,0.29748201131319896,0.25396532725397164,0.29305971272478715
-1.4095913261050876,0.29419449177586116,0.25186992543497905,0.2913725386330029
-1.404462051709758,0.2909013251482648,0.24976199037661995,0.2896788306972859
-1.3993327773144286,0.2876025822280198,0.24764155399625215,0.2879784241348128
-1.3942035029190993,0.28429833414498545,0.24550864901050307,0.2862711562393228
-1.3890742285237696,0.2809886523612704,0.24336330893526853,0.28455686638111705
-1.3839449541284403,0.2776736086712346,0.24120556808571475,0.2828353960070596
-1.378815679733111,0.2743532752014869,0.23903546157627642,0.28110658864057664
-1.3736864053377813,0.2710277244108863,0.23685302532065722,0.27937028988165635
-1.368557130942452,0.2676970290905427,0.2346582960318312,0.2776263474068504
-1.3634278565471227,0.2643612623638147,0.23245131122204055,0.27587461096927174
-1.358298582151793,0.26102049768631147,0.23023210920279674,0.2741149323985962
-1.3531693077564637,0.25767480884589256,0.2280007290848815,0.2723471656010621
-1.3480400333611344,0.25432426996266677,0.22575721077834482,0.2705711665594699
-1.3429107589658047,0.2509689554889931,0.223501594992506,0.26878679333318256
-1.3377814845704754,0.247608940209481,0.2212339232359542,0.2669939060581255
-1.3326522101751461,0.2442442992409895,0.21895423781654733,0.26519236694678683
-1.3275229357798164,0.24087510803262724,0.21666258184141224,0.263382040288216
-1.322393661384487,0.23750144236575388,0.2143589992169463,0.26156279244802644
-1.3172643869891578,0.23412337835397817,0.21204353464881437,0.2597344918683926
-1.312135112593828,0.2307409924431587,0.20971623364195158,0.2578970090680516
-1.3070058381984988,0.22735436141140536,0.20737714250056283,0.25605021664230393
-1.301876563803169,0.22396356236907616,0.20502630832812047,0.2541939892630111
-1.2967472894078398,0.220568672758781,0.20266377902736815,0.252328203678598
-1.2916180150125105,0.21716977035537832,0.20028960330031748,0.25045273871405155
-1.2864887406171808,0.2137669332659768,0.1979038306482493,0.248567475270921
-1.2813594662218515,0.21036023992993602,0.19550651137171443,0.24667229632731819
-1.2762301918265222,0.20694976911886448,0.19309769657053255,0.24476708693791738
-1.2711009174311925,0.20353559993662074,0.190677438143792,0.24285173423395462
-1.2659716430358632,0.20011781181931454,0.18824578878985138,0.24092612742322944
-1.260842368640534,0.19669648453530397,0.18580280200633797,0.2389901577901027
-1.2557130942452042,0.19327169818519796,0.1833485320901483,0.2370437186954984
-1.2505838198498749,0.18984353320185582,0.18088303413744822,0.23508670557690275
-1.2454545454545456,0.18641207035038598,0.17840636404367305,0.2331190159483642
-1.2403252710592159,0.18297739072814692,0.17591857850352655,0.2311405494004934
-1.2351959966638866,0.17953957576474813,0.1734197350109829,0.2291512076004641
-1.2300667222685573,0.17609870722204796,0.17090989185928457,0.2271508942920118
-1.2249374478732276,0.17265486719415488,0.1683891081409436,0.22513951529543447
-1.2198081734778983,0.16920813810742805,0.16585744374774125,0.22311697850759277
-1.214678899082569,0.1657586027204762,0.16331495937072837,0.2210831939019099
-1.2095496246872393,0.16230634412415743,0.16076171650022403,0.21903807352837046
-1.20442035029191,0.15885144574158108,0.1581977774258181,0.2169815315135229
-1.1992910758965807,0.1553939913281056,0.15562320523636808,0.2149134840604769
-1.194161801501251,0.1519340649713393,0.15303806382000157,0.21283384944890488
-1.1890325271059217,0.14847175109114133,0.15044241786411594,0.21074254803504228
-1.183903252710592,0.14500713443961954,0.147836332855376,0.2086395022516856
-1.1787739783152626,0.14154030010113353,0.14521987507971806,0.20652463660819514
-1.1736447039199334,0.1380713334922912,0.14259311162234606,0.2043978776904929
-1.1685154295246036,0.13460032036195096,0.13995611036773337,0.20225915416106305
-1.1633861551292743,0.13112734679122193,0.1373089399996234,0.20010839675895276
-1.158256880733945,0.12765249919346242,0.13465167000102823,0.19794553829977135
-1.1531276063386153,0.1241758643142804,0.13198437065422874,0.1957705136756901
-1.147998331943286,0.12069752923153518,0.12930711304077624,0.19358325985544345
-1.1428690575479568,0.11721758135533486,0.12661996904149037,0.1913837158843279
-1.137739783152627,0.1137361084280375,0.12392301133645972,0.18917182288420187
-1.1326105087572977,0.11025319852425228,0.12121631340504357,0.18694752405348725
-1.1274812343619685,0.10676894005083729,0.1184999495258689,0.1847107646671673
-1.1223519599666387,0.10328342174690053,0.11577399477683231,0.18246149207678786
-1.1172226855713094,0.09979673268380104,0.11303852503510048,0.18019965571045793
-1.1120934111759802,0.09630896226514699,0.11029361697710843,0.1779252070728481
-1.1069641367806504,0.09282020022679632,0.10753934807856053,0.17563809974519146
-1.1018348623853211,0.08933053663685805,0.10477579661443082,0.17333828938528395
-1.0967055879899918,0.08584006189569013,0.1020030416589624,0.17102573372748353
-1.0915763135946621,0.08234886673590058,0.09922116308566697,0.1687003925827103
-1.0864470391993328,0.07885704222234832,0.0964302415673266,0.16636222783844756
-1.0813177648040035,0.07536467975214137,0.093630358575992,0.16401120345874043
-1.0761884904086738,0.0718718710546376,0.0908215963829827,0.16164728548419627
-1.0710592160133445,0.06837870819144595,0.0880040380588884,0.15927044203198548
-1.0659299416180148,0.06488528355642381,0.08517776747356709,0.15688064329584
-1.0608006672226855,0.06139168987568028,0.08234286929614698,0.15447786154605525
-1.0556713928273562,0.05789802020757315,0.07949942899502493,0.15206207112948822
-1.0505421184320265,0.05440436794271014,0.07664753283786657,0.14963324846955817
-1.0454128440366972,0.05091082680395026,0.07378726789160789,0.14719137206624755
-1.040283569641368,0.04741749084640115,0.07091872202245336,0.14473642249610075
-1.0351542952460382,0.043924454457420714,0.06804198389587662,0.14226838241222406
-1.030025020850709,0.040431812356617636,0.06515714297662117,0.13978723654428732
-1.0248957464553796,0.0369396595958498,0.062264289528699335,0.13729297169852195
-1.0197664720600499,0.03344809155922501,0.059363514615392465,0.13478557675772168
-1.0146371976647206,0.02995720396310153,0.056454910099251576,0.13226504268124312
-1.0095079232693913,0.0264670928560877,0.053538568642096884,0.12973136250500528
-1.0043786488740616,0.022977854619040783,0.05061458370501731,0.12718453134148866
-0.9992493744787323,0.019489585965069556,0.04768304954837188,0.12462454637973752
-0.994120100083403,0.016002383939531767,0.04474406123178831,0.1220514068853577
-0.9889908256880733,0.012516345920034921,0.041797714614163206,0.1194651142005172
-0.983861551292744,0.009031569616437807,0.03884410635366342,0.1168656717439473
-0.9787322768974147,0.0055481530708479665,0.03588333390772436,0.114253085010941
-0.973603002502085,0.0020661946576229218,0.03291549553305023,0.11162736157335351
-0.9684737281067557,-0.0014142069166286353,0.029940690285615912,0.10898851107960345
-0.9633444537114264,-0.004892952613049256,0.026959018020664083,0.10633654525467073
-0.9582151793160967,-0.008369943060531349,0.023970579392707025,0.10367147790009801
-0.9530859049207674,-0.01184507855571637,0.02097547585552717,0.10099332489399093
-0.9479566305254377,-0.015318259062997053,0.01797380966217471,0.09830210419101648
-0.9428273561301084,-0.018789384214515037,0.014965683864970603,0.09559783582240522
-0.9376980817347791,-0.02225835331016285,0.011951202315503895,0.09288054189594919
-0.9325688073394494,-0.02572506531758295,0.008930469664632845,0.09015024659600285
-0.9274395329441201,-0.029189418872166972,0.0059035913624861935,0.08740697618348381
-0.9223102585487908,-0.032651312277057365,0.002870673658460665,0.08465075899587149
-0.917180984153461,-0.036110643503146855,-0.0001681763987776419,0.0818816254472075
-0.9120517097581318,-0.03956731018907694,-0.0032128509612924794,0.07909960802809668
-0.9069224353628025,-0.04302120964124034,-0.006263241381879225,0.07630474130570553
-0.9017931609674728,-0.046472238833779544,-0.009319238214064107,0.07349706192376293
-0.8966638865721435,-0.04992029440858631,-0.012380731212103147,0.07067660860256086
-0.8915346121768142,-0.05336527267530339,-0.015447609330984158,0.067843422138953
-0.8864053377814844,-0.05680706961132326,-0.018519760726425527,0.0649975454063555
-0.8812760633861552,-0.06024558086178783,-0.0215970727548756,0.062139023354747414
-0.8761467889908259,-0.06368070173958973,-0.024679431973514354,0.059267903010669754
-0.8710175145954961,-0.06711232722537153,-0.02776672414025244,0.05638423347722582
-0.8658882402001669,-0.07054035196752528,-0.0308588342137307,0.053488065934081896
-0.8607589658048376,-0.07396467028219361,-0.03395564635332121,0.05057945363746602
-0.8556296914095078,-0.07738517615326923,-0.037057043919127175,0.047658451920168765
-0.8505004170141786,-0.08080176323239402,-0.040162909471981256,0.04472511819154362
-0.8453711426188493,-0.08421432483896091,-0.043273124773448246,0.04177951193750595
-0.8402418682235195,-0.08762275396011243,-0.046387570785823284,0.038821694720533206
-0.8351125938281903,-0.09102694325074079,-0.049506127672131806,0.03585173017966636
-0.8299833194328605,-0.09442678503348897,-0.05262867479613059,0.032869684030507496
-0.8248540450375312,-0.09782217129874882,-0.055755090722306555,0.029875624065222317
-0.819724770642202,-0.10121299370466336,-0.058885253215878064,0.02686962015253791
-0.8145954962468722,-0.10459914357712555,-0.06201903924279417,0.023851744237743944
-0.8094662218515429,-0.10798051190977714,-0.06515632496973384,0.02082207034269329
-0.8043369474562136,-0.11135698936401123,-0.06829698576410784,0.017780674565800236
-0.7992076730608839,-0.11472846626897074,-0.07144089619405736,0.014727635082041668
-0.7940783986655546,-0.11809483262154763,-0.0745879300284539,0.011663032142957608
-0.7889491242702253,-0.12145597808638497,-0.0777379602369003,0.008586948076649503
-0.7838198498748956,-0.12481179199587569,-0.08089085898973009,0.005499467287781501
-0.7786905754795663,-0.12816216335016184,-0.08404649765800706,0.0024006762575807805
-0.773561301084237,-0.13150698081713647,-0.08720474681352616,-0.0007093364561639448
-0.7684320266889073,-0.1348461327324427,-0.09036547622881363,-0.003830480219101484
-0.763302752293578,-0.13817950709947258,-0.09352855487712508,-0.006962662320317392
-0.7581734778982487,-0.1415069915893692,-0.09669385093244812,-0.010105787972335745
-0.753044203502919,-0.14482847354102565,-0.09986123176950096,-0.01325976031111814
-0.7479149291075897,-0.14814383996108407,-0.10303056396373167,-0.016424480396063035
-0.7427856547122604,-0.15145297752393772,-0.10620171329132008,-0.019599847210007182
-0.7376563803169307,-0.15475577257172954,-0.10937454472917674,-0.022785757659225137
-0.7325271059216014,-0.15805211111435194,-0.11254892245494191,-0.025982106573427977
-0.7273978315262721,-0.16134187882944795,-0.11572470984698782,-0.029188786705765524
-0.7222685571309424,-0.16462496106241084,-0.11890176948441716,-0.0324056887328249
-0.7171392827356131,-0.16790124282638288,-0.12207996314706254,-0.035632701254630084
-0.7120100083402834,-0.17117060880225757,-0.12525915181548883,-0.03886971079464402
-0.7068807339449541,-0.17443294333867723,-0.12843919567099005,-0.04211660179976573
-0.7017514595496248,-0.17768813045203516,-0.13161995409559207,-0.04537325664033298
-0.6966221851542951,-0.1809360538264745,-0.1348012856720515,-0.04863955561012101
-0.6914929107589658,-0.1841765968138879,-0.13798304818385493,-0.05191537692634196
-0.6863636363636365,-0.18740964243391836,-0.14116509861522036,-0.05520059672964611
-0.6812343619683068,-0.19063507337395927,-0.1443472931510967,-0.058495089084121654
-0.6761050875729775,-0.19385277198915316,-0.14752948717716288,-0.06179872597729341
-0.6709758131776482,-0.19706262030239333,-0.15071153527982917,-0.06511137732012473
-0.6658465387823185,-0.20026450000432303,-0.15389329124623666,-0.06843291094701642
-0.6607172643869892,-0.20345829245333488,-0.15707460806425658,-0.0717631926158061
-0.6555879899916599,-0.20664387867557224,-0.16025533792249164,-0.07510208600776996
-0.6504587155963302,-0.20982113936492844,-0.1634353322102751,-0.07844945272762166
-0.6453294412010009,-0.21298995488304615,-0.16661444151767044,-0.08180515230351171
-0.6402001668056716,-0.2161502052593187,-0.16979251563547265,-0.08516904218702881
-0.6350708924103419,-0.2193017701908895,-0.17296940355520743,-0.08854097775319975
-0.6299416180150126,-0.2224445290426513,-0.17614495346913037,-0.0919208123004876
-0.6248123436196833,-0.22557836084724747,-0.17931901277022874,-0.09530839705079408
-0.6196830692243536,-0.22870314430507155,-0.1824914280522206,-0.09870358114945865
-0.6145537948290243,-0.23181875778426617,-0.18566204510955384,-0.10210621166525724
-0.609424520433695,-0.23492507932072482,-0.18883070893740797,-0.10551613359040446
-0.6042952460383653,-0.23802198661809115,-0.19199726373169337,-0.10893318984055245
-0.5991659716430355,-0.2411093570477581,-0.1951615528890504,-0.11235722125479025
-0.5940366972477067,-0.24418706764886833,-0.1983234190068501,-0.11578806659564439
-0.588907422852377,-0.24725499512831645,-0.20148270388319592,-0.11922556254908073
-0.5837781484570472,-0.2503130158607449,-0.20463924851692022,-0.1226695437245009
-0.5786488740617184,-0.2533610058885468,-0.2077928931075864,-0.12611984265474419
-0.5735195996663887,-0.25639884092186654,-0.2109434770554901,-0.12957628979608926
-0.5683903252710589,-0.2594263963385968,-0.2140908389616561,-0.13303871352825047
-0.5632610508757301,-0.26244354718438057,-0.21723481662783992,-0.13650694015438009
-0.5581317764804004,-0.2654501681726123,-0.2203752470565295,-0.13998079390106938
-0.5530025020850706,-0.26844613368443476,-0.22351196645094196,-0.14346009691834571
-0.5478732276897418,-0.271431317768741,-0.2266448102150251,-0.14694466927967398
-0.542743953294412,-0.2744055941421756,-0.22977361295345916,-0.15043432898195847
-0.5376146788990823,-0.2773688361891313,-0.23289820847165352,-0.15392889194553916
-0.5324854045037535,-0.28032091696175115,-0.23601842977574825,-0.15742817201419385
-0.5273561301084237,-0.28326170917992977,-0.2391341090726159,-0.1609319809551396
-0.522226855713094,-0.28619108523131004,-0.242245077769858,-0.16444012845902922
-0.5170975813177652,-0.2891089171712851,-0.24535116647580715,-0.16795242213995332
-0.5119683069224354,-0.2920150767229995,-0.24845220499952791,-0.17146866753544177
-0.5068390325271057,-0.2949094352773462,-0.2515480223508144,-0.1749886681064602
-0.5017097581317769,-0.2977918638929684,-0.2546384467401912,-0.17851222523741195
-0.49658048373644714,-0.3006622332962608,-0.2577233055789154,-0.1820391382361397
-0.4914512093411174,-0.30352041388136625,-0.26080242547897314,-0.18556920433392204
-0.48632193494578857,-0.30636627571017805,-0.2638756322530814,-0.18910221868547505
-0.48119266055045884,-0.30919968851234086,-0.26694275091468966,-0.1926379743689542
-0.4760633861551291,-0.31202052168524785,-0.2700036056779763,-0.19617626238595082
-0.47093411175980027,-0.31482864429404217,-0.27305801995785056,-0.19971687166149382
-0.46580483736447054,-0.3176239250716186,-0.2761058163699541,-0.20325958904405161
-0.4606755629691408,-0.32040623241862015,-0.27914681673065767,-0.20680419930552824
-0.45554628857381196,-0.3231754344034403,-0.28218084205706284,-0.21035048514126542
-0.45041701417848223,-0.3259313987622237,-0.2852077125670035,-0.2138982271700443
-0.4452877397831525,-0.3286739928988636,-0.2882272476790426,-0.2174472039340819
-0.44015846538782366,-0.3314030838850034,-0.2912392660124742,-0.2209971918990326
-0.43502919099249393,-0.33411853846003775,-0.2942435853873242,-0.22454796545399047
-0.4298999165971642,-0.33682022303111003,-0.29724002282434825,-0.22809929691148523
-0.42477064220183536,-0.3395080036731136,-0.30022839454503214,-0.23165095650748418
-0.4196413678065056,-0.3421817461286933,-0.3032085159715945,-0.23520271240139412
-0.4145120934111759,-0.34484131580824245,-0.3061802017269829,-0.23875433067605756
-0.40938281901584617,-0.347486577789905,-0.3091432656348763,-0.24230557533775532
-0.4042535446205173,-0.3501173968195744,-0.3120975207196839,-0.24585620831620508
-0.3991242702251876,-0.35273363731089535,-0.315042779206547,-0.24940598946456405
-0.39399499582985786,-0.3553351633452615,-0.31797885252133645,-0.25295467655942516
-0.388865721434529,-0.35792183867181626,-0.3209055512906537,-0.25650202530081906
-0.3837364470391993,-0.3604935267074545,-0.3238226853418323,-0.2600477893122156
-0.37860717264386956,-0.3630500905368198,-0.32673006370293545,-0.2635917201405206
-0.3734778982485407,-0.36559139291230563,-0.32962749460275675,-0.2671335672560775
-0.368348623853211,-0.368117296254057,-0.33251478547082225,-0.27067307805266905
-0.36321934945788126,-0.3706276626499675,-0.33539174293738727,-0.27420999784751376
-0.3580900750625524,-0.3731223538556806,-0.33825817283343773,-0.2777440698812679
-0.3529608006672227,-0.37560123129459133,-0.34111388019069194,-0.281275035318027
-0.34783152627189295,-0.3780641560578434,-0.3439586692415975,-0.28480263324532246
-0.3427022518765641,-0.3805109889043304,-0.34679234341933274,-0.2883266006741233
-0.3375729774812344,-0.38294159026069724,-0.3496147053578081,-0.29184667253883795
-0.33244370308590465,-0.38535582022133774,-0.3524255568916635,-0.29536258169731056
-0.3273144286905758,-0.38775353854839567,-0.35522469905626947,-0.2988740589308229
-0.3221851542952461,-0.39013460467176586,-0.35801193208772897,-0.30238083294409623
-0.31705587989991635,-0.3924988776890922,-0.360787055422874,-0.3058826303652876
-0.3119266055045875,-0.39484621636576844,-0.36354986769926745,-0.3093791757459915
-0.3067973311092578,-0.39717647913493964,-0.3663001667552045,-0.3128701915612421
-0.30166805671392805,-0.3994895240974996,-0.3690377496297095,-0.31635539820950903
-0.2965387823185992,-0.40178520902209214,-0.37176241256253756,-0.31983451401269986
-0.2914095079232695,-0.4040633913451123,-0.37447395099417624,-0.3233072552161614
-0.28628023352793974,-0.40632392817070406,-0.37717215956584205,-0.3267733359886762
-0.2811509591326109,-0.4085666762707613,-0.3798568321194825,-0.33023246842246456
-0.27602168473728117,-0.4107914920849291,-0.38252776169777736,-0.33368436253318606
-0.27089241034195144,-0.41299823172060135,-0.38518474054413543,-0.3371287262599362
-0.2657631359466226,-0.41518675095292207,-0.38782756010269653,-0.3405652654652479
-0.26063386155129287,-0.41735690522478636,-0.3904560110183326,-0.3439936839350937
-0.25550458715596314,-0.41950854964683826,-0.3930698831366448,-0.3474136833788819
-0.2503753127606343,-0.4216415389974717,-0.3956689655039654,-0.35082496342945824
-0.24524603836530456,-0.42375572772283193,-0.3982530463673584,-0.354227221643108
-0.24011676396997483,-0.42585096993681293,-0.40082191317461735,-0.35762015349955223
-0.234987489574646,-0.42792711942105893,-0.4033753525742667,-0.3610034524019496
-0.22985821517931626,-0.4299840296249649,-0.4059131504155628,-0.3643768096768982
-0.22472894078398653,-0.4320215536656751,-0.40843509174849146,-0.3677399145744318
-0.2195996663886577,-0.43403954432808367,-0.41094096082376946,-0.3710924542680219
-0.21447039199332796,-0.43603785406483575,-0.4134305410928454,-0.3744341138545794
-0.20934111759799823,-0.43801633499632553,-0.41590361520789737,-0.377764576354451
-0.20421184320266939,-0.43997483891069733,-0.4183599650218344,-0.38108352271142093
-0.19908256880733965,-0.44191321726384625,-0.42079937158829744,-0.3843906317927129
-0.19395329441200992,-0.4438313211794166,-0.42322161516165685,-0.38768558038898626
-0.18882402001668108,-0.4457290014488026,-0.4256264751970139,-0.3909680432143383
-0.18369474562135135,-0.4476061085311495,-0.42801373035020185,-0.39423769290630534
-0.17856547122602162,-0.44946249255335174,-0.4303831584777833,-0.3974942000258597
-0.1734361968306919,-0.45129800331005376,-0.4327345366370523,-0.400737233057412
-0.16830692243536305,-0.4531124902636501,-0.435067641086033,-0.40396645840880957
-0.16317764804003332,-0.4549058025442859,-0.43738224728348174,-0.40718154041133936
-0.1580483736447036,-0.4566777889498556,-0.4396781298888843,-0.4103821413197241
-0.15291909924937475,-0.4584282979460036,-0.44195506276245716,-0.41356792131212416
-0.14778982485404502,-0.4601571776661253,-0.44421281896514886,-0.4167385384901391
-0.14266055045871529,-0.46186427591136503,-0.44645117075863755,-0.4198936488788044
-0.13753127606338644,-0.46354944015061733,-0.44866988960533194,-0.4230329064265934
-0.1324020016680567,-0.46521251752052756,-0.4508687461683729,-0.42615596300541847
-0.12727272727272698,-0.4668533548254902,-0.4530475103116309,-0.4292624684106279
-0.12214345287739814,-0.4684717985376497,-0.45520595109970674,-0.43235207036100765
-0.11701417848206841,-0.4700676947969016,-0.45734383679793383,-0.43542441449878305
-0.11188490408673868,-0.4716408894108903,-0.4594609348723746,-0.4384791443896152
-0.10675562969140984,-0.47319122785501044,-0.4615570119898226,-0.44151590152260295
-0.1016263552960801,-0.4747185552724075,-0.463631834017803,-0.44453432531028425
-0.09649708090075038,-0.47622271647397607,-0.4656851660245709,-0.44753405308863314
-0.09136780650542153,-0.4777035559383607,-0.4677167722791119,-0.4505147201170612
-0.0862385321100918,-0.479160917811957,-0.46972641625114364,-0.45347595957841924
-0.08110925771476207,-0.48059464590890955,-0.4717138606111133,-0.4564174025789941
-0.07597998331943323,-0.48200458371111304,-0.473678867230199,-0.45933867814851015
-0.0708507089241035,-0.48339057436821303,-0.4756211971803105,-0.46223941324013107
-0.06572143452877377,-0.48475246069760414,-0.4775406107340872,-0.4651192327304564
-0.06059216013344493,-0.4860900851844312,-0.47943686736489965,-0.46797775941952346
-0.0554628857381152,-0.4874032899815897,-0.4813097257468498,-0.47081461403080854
-0.05033361134278547,-0.48869191690972447,-0.4831589437547695,-0.4736294152112242
-0.045204336947456625,-0.4899558074572303,-0.4849842784642214,-0.47642177953112047
-0.040075062552126894,-0.4911948027802527,-0.48678548615149975,-0.4791913214842865
-0.034945788156797164,-0.4924087437026865,-0.4885623222936286,-0.48193765348794754
-0.029816513761468322,-0.4935974707161767,-0.4903145415683631,-0.48466038588276655
-0.02468723936613859,-0.49476082398011884,-0.4920418978541897,-0.4873591269328454
-0.01955796497080886,-0.49589864332165773,-0.49374414423032476,-0.49003348282572223
-0.014428690575480019,-0.4970107682356884,-0.49542103297671564,-0.49268305767237275
-0.009299416180150288,-0.4980970378848565,-0.497072315574041,-0.49530745350721167
-0.004170141784820558,-0.49915729109955675,-0.49869774270370965,-0.4979062702880899
0.0009591326105082842,-0.5001913663779345,-0.5002970642478611,-0.5004791058962961
0.006088407005838015,-0.501199101885885,-0.5018700292893665,-0.5030255561365575
0.011217681401167745,-0.5021803354570537,-0.5034163861118267,-0.5055452147370383
0.016346955796496587,-0.5031349045928353,-0.5049358821995736,-0.5080376733493392
0.021476230191826318,-0.5040626464623756,-0.5064282642376705,-0.5105025215485012
0.026605504587156048,-0.5049633979025697,-0.5078932781119109,-0.5129393468330004
0.03173477898248489,-0.5058369954180628,-0.5093306689088185,-0.515347734624751
0.03686405337781462,-0.5066832751812503,-0.5107401809156493,-0.5177272682691063
0.04199332777314435,-0.5075020730322777,-0.5121215576203887,-0.5200775290348556
0.04712260216847319,-0.50829322447904,-0.5134745417117531,-0.5223980961142258
0.052251876563802924,-0.5090565646971829,-0.5147988750791904,-0.524688546622883
0.057381150959132654,-0.5097919285301016,-0.5160942988128785,-0.5269484555999291
0.06251042535446238,-0.5104991504889416,-0.5173605532037263,-0.5291773960079044
0.06763969974979123,-0.5111780647525981,-0.5185973777433732,-0.5313749387327864
0.07276897414512096,-0.5118285051677168,-0.5198045111241901,-0.5335406525839914
0.07789824854045069,-0.5124503052486932,-0.520981691239278,-0.535674104294372
0.08302752293577953,-0.5130432981776722,-0.5221286551824686,-0.5377748585202183
0.08815679733110926,-0.5136073168045501,-0.5232451392483249,-0.5398424778412596
0.09328607172643899,-0.5141421936469718,-0.5243308789321405,-0.541876522760661
0.09841534612176783,-0.5146477608903329,-0.5253856089299391,-0.5438765517050259
0.10354462051709756,-0.5151238503877793,-0.5264090631384761,-0.545842121024396
0.1086738949124273,-0.5155702936602061,-0.5274009746552374,-0.5477727849922494
0.11380316930775614,-0.515986921896259,-0.5283610757784389,-0.5496680958055022
0.11893244370308587,-0.5163735659523339,-0.5292890980070284,-0.551527603584509
0.1240617180984156,-0.516730056352576,-0.5301847720406838,-0.5533508563730608
0.12919099249374444,-0.5170562232888809,-0.5310478277798137,-0.5551374001383864
0.13432026688907417,-0.5173518966208945,-0.531877994325558,-0.556886778771153
0.1394495412844039,-0.5176169058760124,-0.5326749999797868,-0.5585985340854647
0.14457881567973274,-0.5178510802493801,-0.533438572245101,-0.560272205818863
0.14970809007506247,-0.5180542486038934,-0.5341684378248329,-0.561907331632328
0.1548373644703922,-0.5182262394701979,-0.5348643226230447,-0.5635034471102764
0.15996663886572104,-0.5183668810466894,-0.5355259517445299,-0.5650600857605628
0.16509591326105078,-0.5184760011995136,-0.5361530494948126,-0.5665767790144798
0.1702251876563805,-0.5185534274625664,-0.5367453393801478,-0.5680530562267572
0.17535446205170935,-0.5185989870374932,-0.5373025441075208,-0.5694884446755621
0.18048373644703908,-0.5186125067936902,-0.5378243855846484,-0.5708824695625003
0.1856130108423688,-0.5185938132683028,-0.5383105849199775,-0.5722346540126141
0.19074228523769765,-0.5185427326662271,-0.5387608624226861,-0.5735445190743835
0.19587155963302738,-0.5184590908601089,-0.5391749376026829,-0.5748115837197271
0.2010008340283571,-0.5183427133903439,-0.5395525291706074,-0.576035364844
0.20613010842368595,-0.5181934254650781,-0.5398933550378295,-0.577215377265995
0.21125938281901568,-0.5180110519602072,-0.5401971323164506,-0.5783511337279434
0.21638865721434541,-0.5177954174193773,-0.5404635773193023,-0.5794421448955134
0.22151793160967426,-0.5175463460539842,-0.5406924055599468,-0.5804879193578105
0.226647206005004,-0.5172636617431738,-0.5408833317526777,-0.5814879636273789
0.23177648040033372,-0.5169471880338422,-0.5410360698125187,-0.5824417821401991
0.23690575479566256,-0.5165967481406352,-0.5411503328552248,-0.5833488772556901
0.2420350291909923,-0.5162121649459488,-0.5412258331972816,-0.5842087492567083
0.24716430358632202,-0.5157932609999291,-0.541262282355905,-0.5850208963495476
0.25229357798165086,-0.5153398585204719,-0.5412593910490424,-0.5857848146639392
0.2574228523769806,-0.5148517793932235,-0.5412168691953716,-0.5864999982530528
0.2625521267723103,-0.5143288451715797,-0.5411344259143009,-0.5871659390934947
0.26768140116763917,-0.5137708770766868,-0.54101176952597,-0.5877821270853094
0.2728106755629689,-0.5131776959974407,-0.5408486075512486,-0.5883480500519789
0.2779399499582986,-0.5125491224904875,-0.5406446467117378,-0.5888631937404228
0.28306922435362747,-0.5118849767802234,-0.5403995929297692,-0.589327041820998
0.2881984987489572,-0.5111850787587943,-0.5401131513284052,-0.5897390758874996
0.29332777314428693,-0.5104492479860966,-0.5397850262314388,-0.5900987754571597
0.29845704753961666,-0.5096773036897763,-0.539414921163394,-0.5904056179706485
0.3035863219349455,-0.5088690647652298,-0.5390025388495255,-0.5906590787920731
0.30871559633027523,-0.508024349775603,-0.5385475812158185,-0.5908586312089792
0.31384487072560496,-0.5071429769517921,-0.5380497493889894,-0.5910037464323494
0.3189741451209338,-0.5062247641924438,-0.5375087436964852,-0.5910938935966039
0.32410341951626354,-0.5052695290639538,-0.5369242636664832,-0.5911285397596009
0.32923269391159327,-0.5042770888004685,-0.5362960080278922,-0.5911071499026359
0.3343619683069221,-0.5032472603038844,-0.5356236747103515,-0.591029186930442
0.33949124270225184,-0.5021798601438475,-0.5349069608442307,-0.5908941116711902
0.34462051709758157,-0.5010747045577543,-0.5341455627606309,-0.5907013828764887
0.3497497914929104,-0.4999316094507511,-0.5333391759913835,-0.5904504572213836
0.35487906588824014,-0.4987503903957341,-0.5324874952690507,-0.5901407893043584
0.36000834028356987,-0.49753086263334967,-0.5315902145269256,-0.5897718316473343
0.3651376146788987,-0.4962728410719945,-0.530647026899032,-0.5893430346956703
0.37026688907422844,-0.49497614028781456,-0.5296576247201242,-0.5888538468181624
0.3753961634695582,-0.4936405745247064,-0.5286216995256877,-0.5883037143070451
0.380525437864887,-0.49226595769431664,-0.5275389420519389,-0.5876920813779898
0.38565471226021675,-0.49085210337604135,-0.526409042235824,-0.5870183901701055
0.3907839866555465,-0.48939882481702723,-0.5252316892150208,-0.5862820807459392
0.3959132610508753,-0.48790593493217094,-0.524006571327938,-0.5854825910914756
0.40104253544620505,-0.4863732463041185,-0.5227333761137144,-0.5846193571161362
0.4061718098415348,-0.4848005711832666,-0.5214117903122197,-0.583691812652781
0.4113010842368636,-0.48318772148776207,-0.5200414998640551,-0.5826993894577072
0.41643035863219335,-0.4815345088035009,-0.5186221899105514,-0.5816415172106494
0.4215596330275231,-0.47984074438413,-0.517153544793771,-0.5805176235147801
0.4266889074228519,-0.4781062391510461,-0.515635248056507,-0.5793271338967096
0.43181818181818166,-0.4763308036933953,-0.5140669824422827,-0.5780694718064853
0.4369474562135114,-0.4745142482680745,-0.5124484298953527,-0.5767440586175924
0.44207673060884023,-0.4726563827997305,-0.5107792715607025,-0.575350313626954
0.44720600500416996,-0.47075701688075944,-0.5090591877840475,-0.5738876540549303
0.4523352793994997,-0.46881595977130824,-0.5072878581118345,-0.5723554950453194
0.45746455379482853,-0.4668330203992739,-0.5054649612912416,-0.5707532496653572
0.46259382819015826,-0.4648080073603025,-0.5035901752701764,-0.5690803289057165
0.467723102585488,-0.4627407289177909,-0.5016631771972782,-0.5673361416805085
0.47285237698081684,-0.46063099300288635,-0.49968364342191673,-0.5655200948272818
0.47798165137614657,-0.45847860721448486,-0.4976512494941922,-0.563631593107022
0.4831109257714763,-0.4562833788192335,-0.4955656701649362,-0.561670039204153
0.48824020016680514,-0.4540451147515293,-0.493426579385711,-0.5596348337265366
0.49336947456213487,-0.45176362161351846,-0.49123365030880883,-0.5575253752054706
0.4984987489574646,-0.44943870567509814,-0.48898655528725354,-0.5553410600956923
0.5036280233527934,-0.4470701728739155,-0.4866849658747998,-0.5530812827753757
0.5087572977481232,-0.44465782881536653,-0.484328552825932,-0.550745435546132
0.5138865721434529,-0.4422014787725986,-0.4819169860958663,-0.5483329086330109
0.5190158465387817,-0.43970092768650887,-0.47944993484054976,-0.5458430901844995
0.5241451209341115,-0.4371559801657434,-0.47692706741665897,-0.5432753662725216
0.5292743953294412,-0.43456644048669973,-0.4743480513816024,-0.5406291208924398
0.5344036697247709,-0.43193211259352443,-0.4717125534935189,-0.5379037359630535
0.5395329441200998,-0.4292528000981152,-0.4690202397112787,-0.5350985913266008
0.5446622185154295,-0.42652830628011784,-0.46627077519448124,-0.5322130647487555
0.5497914929107592,-0.42375843408692987,-0.46346382430345817,-0.5292465319186306
0.5549207673060881,-0.42094298613369874,-0.4605990505992718,-0.5261983664487768
0.5600500417014178,-0.41808176470332054,-0.457676116843714,-0.5230679398751806
0.5651793160967475,-0.4151745717464427,-0.4546946849993086,-0.519854621657268
0.5703085904920764,-0.41222120888146274,-0.4516544162293104,-0.5165577791779025
0.5754378648874061,-0.4092214773945268,-0.44855497089770324,-0.5131767777433833
0.5805671392827358,-0.40617517823953236,-0.4453960085692035,-0.5097109805834494
0.5856964136780647,-0.40308211203812705,-0.44217718800925826,-0.5061597488512769
0.5908256880733944,-0.39994207907970697,-0.4388981671840435,-0.502522441623478
0.5959549624687241,-0.3967548793214196,-0.4355586032604679,-0.4987984159001042
0.601084236864053,-0.39352031238816276,-0.4321581526061708,-0.4949870266046447
0.6062135112593827,-0.39023817757258256,-0.42869647078952056,-0.4910876265840244
0.6113427856547125,-0.3869082738350765,-0.42517321257961804,-0.4870995666086076
0.6164720600500413,-0.38353039980379244,-0.421588031946295,-0.48302219537219643
0.621601334445371,-0.38010435377462654,-0.417940582060112,-0.4788548594920284
0.6267306088407008,-0.37662993371122644,-0.41423051529236227,-0.47459690350878075
0.6318598832360296,-0.37310693724499,-0.4104574832150696,-0.47024766988656846
0.6369891576313593,-0.36953516167506323,-0.4066211366009871,-0.46580649901294163
0.6421184320266891,-0.36591440396834407,-0.4027211254236,-0.46127272919889056
0.6472477064220179,-0.36224446075948047,-0.39875709885712485,-0.4566456966788429
0.6523769808173476,-0.3585251283508683,-0.3947287052765065,-0.45192473561066165
0.6575062552126774,-0.3547562027126556,-0.3906355922574229,-0.44710917807564987
0.6626355296080062,-0.35093747948274034,-0.3864774065762825,-0.442198354078548
0.6677648040033359,-0.3470687539667686,-0.3822537942102227,-0.4371915915475319
0.6728940783986657,-0.3431498211381384,-0.3779644003371137,-0.4320882163342173
0.6780233527939945,-0.3391804756379976,-0.37360886933555615,-0.4268875522136576
0.6831526271893242,-0.33516051177524253,-0.36918684478487984,-0.42158892088434136
0.688281901584654,-0.331089723526521,-0.364697969465147,-0.4161916419681972
0.6934111759799828,-0.32696790453623137,-0.36014188535715097,-0.41069503301059146
0.6985404503753125,-0.32279484811651965,-0.3555182336424134,-0.40509840948032516
0.7036697247706423,-0.31857034724728384,-0.3508266547031891,-0.39940108476964
0.7087989991659711,-0.31429419457617225,-0.3460667881224636,-0.39360237019421507
0.7139282735613008,-0.30996618241858087,-0.3412382726839508,-0.3877015749931642
0.7190575479566306,-0.30558610275765796,-0.33634074637209765,-0.3816980063290418
0.7241868223519594,-0.3011537472443019,-0.33137384637208234,-0.3755909692878399
0.7293160967472891,-0.2966689071971586,-0.3263372090698108,-0.36937976687898505
0.7344453711426189,-0.2921313736026264,-0.3212304700519223,-0.3630637000353445
0.7395746455379477,-0.2875409371148536,-0.3160532641057874,-0.35664206761322326
0.7447039199332774,-0.28289738805573644,-0.31080522521950393,-0.35011416639236037
0.7498331943286072,-0.27820051641492305,-0.30548598658190396,-0.3434792910759361
0.754962468723936,-0.27345011184981194,-0.30009518058254997,-0.33673673429056805
0.7600917431192658,-0.26864596368554927,-0.2946324388117324,-0.3298857865863085
0.7652210175145955,-0.26378786091503326,-0.28909739206047536,-0.3229257364366501
0.7703502919099243,-0.25887559219891276,-0.28348967032053357,-0.3158558702385237
0.775479566305254,-0.2539089458655835,-0.27780890278438997,-0.30867547231229364
0.7806088407005838,-0.2488877099111941,-0.2720547178452607,-0.3013838249017661
0.7857381150959135,-0.24381167199964232,-0.26622674309709193,-0.29398020817418313
0.7908673894912424,-0.23868061946257674,-0.26032460533456186,-0.28646390022022583
0.7959966638865721,-0.23349433929939326,-0.2543479305530758,-0.27883417705400926
0.8011259382819018,-0.2282526181772408,-0.2482963439487736,-0.2710903126130897
0.8062552126772307,-0.22295524243101783,-0.24216946991852512,-0.26323157875846115
0.8113844870725604,-0.2176019980633704,-0.2359669320599284,-0.25525724527455107
0.8165137614678901,-0.21219267074469728,-0.2296883531713153,-0.24716657986922885
0.821643035863219,-0.20672704581314721,-0.22333335525174836,-0.23895884817380109
0.8267723102585487,-0.20120490827461615,-0.21690155950101764,-0.23063331374300833
0.8319015846538784,-0.19562604280275303,-0.21039258631964713,-0.22218923805503255
0.8370308590492073,-0.18999023373895652,-0.2038060553088919,-0.21362588051149345
0.842160133444537,-0.18429726509237268,-0.19714158527073405,-0.20494249843744383
0.8472894078398667,-0.1785469205399004,-0.1903987942078902,-0.196138347081379
0.8524186822351956,-0.17273898342618865,-0.1835772993238074,-0.18721267961523125
0.8575479566305253,-0.1668732367636334,-0.1766767170226602,-0.17816474713436647
0.862677231025855,-0.16094946323238335,-0.16969666290935742,-0.16899379865759223
0.8678065054211839,-0.15496744518033795,-0.16263675178953851,-0.15969908112715436
0.8729357798165136,-0.1489269646231429,-0.15549659766957008,-0.1502798394087308
0.8780650542118433,-0.1428278032441972,-0.1482758137565533,-0.14073531629144242
0.8831943286071722,-0.13666974239465007,-0.14097401245832014,-0.13106475248784744
0.8883236030025019,-0.13045256309339734,-0.13359080538342916,-0.12126738663393699
0.8934528773978316,-0.12417604602708832,-0.12612580334117413,-0.11134245528914455
0.8985821517931605,-0.11783997155012199,-0.11857861634157885,-0.10128919293634142
0.9037114261884902,-0.11144411968464427,-0.1109488535953948,-0.09110683198183134
0.9088407005838199,-0.10498827012055445,-0.10323612351410738,-0.08079460275536055
0.9139699749791488,-0.09847220221550185,-0.0954400337099332,-0.07035173351011337
0.9190992493744785,-0.09189569499488223,-0.08756019099581569,-0.05977745042270588
0.9242285237698082,-0.08525852715184512,-0.07959620138543283,-0.04907097759319767
0.9293577981651371,-0.07856047704728947,-0.07154767009319318,-0.03823153704508564
0.9344870725604668,-0.07180132270986159,-0.06341420153423266,-0.027258348725298642
0.9396163469557965,-0.06498084183596053,-0.05519539932442119,-0.016150630504209063
0.9447456213511254,-0.058098811789735916,-0.046890866280360266,-0.004907598175626693
0.9498748957464551,-0.05115500960308347,-0.038500204419377404,0.006471534543206703
0.9550041701417848,-0.04414921197565269,-0.030023014959535244,0.017987556011606176
0.9601334445371137,-0.03708119527484316,-0.02145889831962733,0.029641256665448923
0.9652627189324434,-0.029950735535800715,-0.012807454119173667,0.04143342901718072
0.9703919933277732,-0.02275760846142494,-0.004068281178429112,0.05336486765580317
0.975521267723102,-0.015501589422365292,0.004759022481620356,0.06543636924688134
0.9806505421184317,-0.008182453457017708,0.01367485963926296,0.07764873253254767
0.9857798165137615,-0.0007999752715316388,0.022679633872051186,0.09000275833149152
0.9909090909090903,0.0066460707601930236,0.031773749556806785,0.1024992495389645
0.99603836530442,0.014155910596510585,0.04095761186962582,0.1151390111267867
1.0011676396997498,0.021729770528021386,0.05023162678586829,0.12792285014333427
1.0062969140950786,0.029367877177575552,0.05959620108016389,0.14085157571354645
1.0114261884904083,0.03707045750027729,0.06905174232641609,0.15392599903893034
1.016555462885738,0.044837738783476744,0.07859865889779294,0.16714693339754927
1.0216847372810678,0.052669948646775766,0.08823735996673349,0.18051519414403217
1.0268140116763966,0.06056731504202409,0.09796825550494376,0.194031598709566
1.0319432860717264,0.06853006625332614,0.10779175628340493,0.20769696660190884
1.037072560467056,0.07655843089703196,0.11770827387236116,0.22151211940537308
1.042201834862385,0.08465263792174174,0.1277182206413271,0.23547788078083465
1.0473311092577147,0.09281291660830948,0.1378220097590912,0.24959507646573775
1.0524603836530444,0.10103949656983535,0.1480200551937058,0.26386453427408285
1.0575896580483732,0.10933260775166934,0.1583127717124927,0.27828708409643177
1.062718932443703,0.11769248043141567,0.1687005748820482,0.2928635578999168
1.0678482068390327,0.1261193452189241,0.17918388106823258,0.3075947897282256
1.0729774812343615,0.13461343305629495,0.18976310743617525,0.3224816157016068
1.0781067556296913,0.14317497521788214,0.2004386719502803,0.3375248740168806
1.083236030025021,0.15180420331028555,0.21121099337421562,0.35272540494742044
1.0883653044203498,0.16050134927235507,0.22208049127091833,0.36808405084316376
1.0934945788156796,0.16926664537519498,0.23304758600260017,0.3836016561306166
1.0986238532110093,0.17810032422215505,0.24411269873073715,0.399279067312841
1.1037531276063381,0.18700261874883498,0.2552762514160735,0.41511713296946007
1.1088824020016679,0.19597376222308904,0.26653866681862937,0.43111670375666833
1.1140116763969976,0.20501398824501704,0.2779003684976878,0.447278632407214
1.1191409507923264,0.21412353074696847,0.2893617808118012,0.4636037737304082
1.1242702251876562,0.22330262399354772,0.3009233289187972,0.480092984612132
1.129399499582986,0.2325515025816045,0.3125854387757664,0.49674712401482135
1.1345287739783148,0.24187040144023822,0.3243485371390696,0.5135670529774738
1.1396580483736445,0.2512595558308034,0.33621305156434167,0.5305536346156587
1.1447873227689742,0.2607192013468992,0.348179410406481,0.5477077341214986
1.149916597164303,0.27024957391437554,0.36024804281965583,0.5650302187636778
1.1550458715596328,0.2798509097913363,0.37241937875730907,0.5825219578874536
1.1601751459549625,0.2895234455681317,0.38469384897214703,0.600183822914635
1.1653044203502914,0.29926741816736,0.39707188501614493,0.6180166873435946
1.170433694745621,0.3090830648438764,0.40955391924055395,0.6360214267492756
1.1755629691409508,0.3189706231847802,0.42214038479588833,0.6541989187831752
1.1806922435362797,0.3289303311094205,0.43483171563193057,0.6725500431733524
1.1858215179316094,0.3389624268694017,0.44762834649774,0.6910756817244386
1.1909507923269391,0.3490671490485733,0.4605307129416378,0.7097767183176169
1.196080066722268,0.35924473656303424,0.47353925131121494,0.7286540389106346
1.2012093411175977,0.36949542866113905,0.48665439875333794,0.7477085315378094
1.2063386155129274,0.3798194649234867,0.49987659321413624,0.7669410863100126
1.2114678899082563,0.39021708526292676,0.5132062734390083,0.786352595414678
1.216597164303586,0.4006885299245634,0.5266438789726282,0.8059439531158104
1.2217264386989157,0.4112340394857459,0.5401898501589333,0.8257160557539687
1.2268557130942446,0.4218538548560731,0.5538446281411293,0.8456698017462734
1.2319849874895743,0.43254821727739967,0.567608654861699,0.8658060915864172
1.237114261884904,0.4433173683238243,0.5814823730623863,0.8861258278446456
1.2422435362802329,0.45416154990169644,0.5954662262842054,0.9066299151677666
1.2473728106755626,0.46508100424961996,0.6095606588674466,0.9273192602791598
1.2525020850708923,0.47607597393844436,0.6237661159516619,0.9481947719787587
1.257631359466222,0.4871467018712699,0.6380830434756746,0.9692573611430602
1.262760633861551,0.49829343128344583,0.6525118881775764,0.9905079407251227
1.2678899082568806,0.5095164057425767,0.6670530975947335,1.0119474257545757
1.2730191826522104,0.520815869148511,0.6817071200637759,1.0335767333376014
1.2781484570475392,0.5321920657333478,0.6964744047206015,1.0553967826569437
1.283277731442869,0.5436452400614415,0.7113554015003849,1.0774084949719205
1.2884070058381987,0.5551756370293905,0.7263505611375637,1.0996127936184008
1.2935362802335275,0.5667835018660444,0.7414603351658433,1.1220106040088158
1.2986655546288572,0.578469080132507,0.7566851759182073,1.1446028536321702
1.303794829024187,0.5902326177221267,0.7720255365268991,1.1673904720540205
1.3089241034195158,0.6020743608605027,0.7874818709234331,1.1903743909164852
1.3140533778148455,0.6139945561054898,0.8030546338386,1.2135555439382566
1.3191826522101753,0.6259934503471858,0.8187442808024512,1.2369348669145772
1.3243119266055041,0.6380712908079397,0.8345512681443086,1.2605132977172535
1.3294412010008338,0.650228325042356,0.8504760529927704,1.2842917762946642
1.3345704753961636,0.6624648009372829,0.866519093275697,1.3082712446717406
1.3396997497914924,0.6747809667118193,0.8826808477202166,1.332452646949975
1.3448290241868222,0.6871770709173197,0.8989617758527362,1.356836929307434
1.3499582985821519,0.6996533624373824,0.9153623379989229,1.3814250399987351
1.3550875729774807,0.7122100904878556,0.9318829952837131,1.4062179293550585
1.3602168473728105,0.7248475046168441,0.9485242096313212,1.4312165497841587
1.3653461217681402,0.7375658547046962,0.9652864437652227,1.4564218557703401
1.370475396163469,0.7503653909640099,0.9821701612081609,1.4818348038744684
1.3756046705587988,0.7632463639396405,0.9991758262821591,1.5074563527339873
1.3807339449541285,0.7762090245086857,1.016303904108499,1.5332874630628868
1.3858632193494573,0.789253623880494,1.033554860607733,1.5593290976517218
1.390992493744787,0.8023804135966697,1.0509291624996908,1.5855822213676207
1.3961217681401168,0.815589645531061,1.068427277303463,1.6120478011542634
1.4012510425354456,0.8288815718897665,1.0860496733374092,1.6387268060318898
1.4063803169307754,0.8422564452111403,1.103796819719167,1.6656202070973172
1.411509591326105,0.855714518365781,1.1216691863656343,1.692728977523911
1.416638865721434,0.8692560445565359,1.1396672439929783,1.7200540925615981
1.4217681401167637,0.8828812773185104,1.1577914641166451,1.7475965295368856
1.4268974145120934,0.8965904705190519,1.1760423190513403,1.775357267852824
1.4320266889074222,0.9103838783577586,1.194420281911038,1.8033372889890282
1.437155963302752,0.9242617553664858,1.2129258266089926,1.8315375765016912
1.4422852376980817,0.9382243564093307,1.2315594278577167,1.8599591160235516
1.4474145120934105,0.952271936682641,1.2503215611689935,1.8886028952639125
1.4525437864887403,0.9664047517150216,1.269212702853884,1.917469904008653
1.45767306088407,0.9806230573673207,1.2882333300227087,1.946561134120199
1.4628023352793988,0.9949271098326359,1.3073839205850586,1.9758775795375403
1.4679316096747286,1.0093171656363218,1.3266649532498023,2.005420236276244
1.4730608840700583,1.0237934816359766,1.3460769075250696,2.0351901024284227
1.4781901584653871,1.038356315021447,1.365620263718256,2.0651881781627535
1.4833194328607169,1.0530059233148388,1.3852955029360408,2.0954154657244906
1.4884487072560466,1.0677425643704987,1.405103107084359,2.125872969435434
1.4935779816513763,1.0825664963750277,1.4250435588684198,2.156561695693954
1.4987072560467052,1.0974779778472727,1.4451173417926986,2.1874826529749747
1.503836530442035,1.1124772676383388,1.4653249401609487,2.218636851830001
1.5089658048373646,1.1275646249315736,1.485666839076183,2.2500253048870826
1.5140950792326935,1.142740309242574,1.5061435244406842,2.281649026850832
1.5192243536280232,1.1580045804191954,1.5267554829560148,2.313509034502441
1.524353628023353,1.1733576986415355,1.547503202122995,2.345606346699648
1.5294829024186818,1.188799924421941,1.5683871702417154,2.3779419843767524
1.5346121768140115,1.204331518605017,1.5894078764115447,2.4105169705446317
1.5397414512093412,1.2199527423676109,1.6105658105311127,2.443332330290711
1.54487072560467,1.23566385721882,1.6318614632983164,2.4763890907789783
1.55,1.2514651250000002,1.6532953262103343,2.5096882812500008
